"Speaker","Word","Iter","Vowel","Phonation","Tone","Duration","h1c","h2c","h4c","a1c","a2c","a3c","h1h2c","h2h4c","h1a1c","h1a2c","h1a3c","h42Kc","h2Kh5Kc","cpp","energy","hnr05","hnr15","hnr25","hnr35","shr","soe","f0","f1","f2","h1cz","h2cz","h4cz","a1cz","a2cz","a3cz","h1h2cz","h2h4cz","h42Kcz","h2Kh5Kcz","h1a1cz","h1a2cz","h1a3cz","energyz","hnr05z","hnr15z","hnr25z","hnr35z","cppz","shrz","durationz","norm.soe","H1c_resid"
"m1","bo7",1,"o","checked","L",163,11.42,6.998,-3.0885,-9.026,-14.0615,10.8175,4.422,10.0875,20.446,25.4815,0.603,-22.2285,48.919,20.277,-0.00239521253954565,21.597,33.4325,41.886,42.6635,0.262,0.066,121.2955,376.495,522.3375,0.0693765704067885,0.201485894253054,-0.617387899493403,-0.370448551783825,-0.634904673581319,3.11948928040619,-0.171656134232407,0.633155746572238,-3.73924932550167,3.75121764382039,0.36195190225047,0.6092464128641,-2.60866163219964,0.410933663874841,-0.314873274845504,-0.0850877815916186,0.432562079282024,0.526410449448753,0.0539607457633346,0.0870958245146105,0.9752577802722,0.769964164919305,-0.189051052083139
"m1","bo7",2,"o","checked","L",98,11.247,7.9615,4.149,-6.492,-17.8395,-20.767,3.2855,3.813,17.739,29.0865,32.0145,11.963,21.843,20.348,-0.0835460514500749,29.61,38.826,44.606,44.4105,0.0495,0.057,121.2945,440.828,2780.5415,0.0203118367677014,0.44758730293273,0.925410124511012,-0.0115796975514012,-1.20088604533262,-2.19567699451692,-0.530132849082163,-0.444618419740925,0.731667423808516,0.263497977488291,0.0194088410400854,1.09920841990585,1.87100706853561,0.105976513530981,0.571730881514116,0.348584372212352,0.659730744340727,0.683904904005916,0.0669041344461068,-0.647614382743747,-0.444601317477982,0.705382274162533,-0.0463345853660775
"m1","bo7",3,"o","checked","L",137,10.5105,4.539,-7.628,-8.2545,-11.0905,11.1765,5.9715,12.1665,18.765,21.601,-0.666,-26.3085,51.5735,23.995,-0.0338582672609674,35.9615,46.1005,51.302,50.1785,0,0.0615,123.8715,377.422,518.0925,-0.188567795169799,-0.42660270350857,-1.58506066356498,-0.261187572683464,-0.189819799183986,3.17990323955379,0.317089725564951,0.990266670433113,-4.27275444628272,4.09314968157628,0.149238608606341,0.0818407073646508,-2.78963673944485,0.292698490489434,1.27449717367911,0.933501046514194,1.21896654626465,1.20389804303609,0.731756789742888,-0.818758642787459,0.407314141172127,0.738836700389679,-0.372639779660739
"m1","botey",1,"o","modal","M",71,9.263,4.5225,-5.336,-4.563,-20.283,-26.578,4.7405,9.859,13.8265,29.546,35.841,6.662,20.6105,18.8005,-0.348721986001856,28.6225,39.6125,45.97,47.27,0,0.0515,126.469,341.843,2694.238,-0.542372738607725,-0.430817206096234,-1.09648131005643,0.261608155571861,-1.56694625758099,-3.17357536946596,-0.071194336010104,0.59390618134751,0.0385030499701855,0.104736916446989,-0.475677870073926,1.16165988793239,2.41671333163554,-0.890529479830827,0.462468232767689,0.411824040139825,0.773649148436341,0.941692764799394,-0.215207048463619,-0.818758642787459,-1.03438894269729,0.660777068257215,0.0176627037549764
"m1","botey",3,"o","modal","M",63,8.2585,2.9715,-5.8795,-7.6925,-26.6585,-8.677,5.2875,8.851,15.9515,34.9175,16.9355,-5.507,33.368,18.787,-0.567832730557412,22.135,33.047,41.258,44.03,0,0.053,128.2105,348.448,1128.4365,-0.827260166009245,-0.826980449336689,-1.21233771434609,-0.181596295620077,-2.52205854863457,-0.161123328515545,0.101341311172312,0.420761490990721,-1.55272827718293,1.74805881197187,-0.206780934325102,1.89171007401416,-0.279444974136239,-1.7139268613792,-0.255345877351248,-0.116084465617099,0.380112843378765,0.649602305288686,-0.217668115325836,-0.818758642787459,-1.20914083165116,0.673389431738535,0.250592740300112
"m1","lok",1,"o","modal","L",87,12.798,9.424,3.635,-10.176,-15.689,-3.152,3.374,5.789,22.9745,28.4875,15.95,2.9795,30.5205,22.2045,0.0157787563890409,35.8435,38.7415,44.0255,43.718,0,0.073,144.4355,465.889,1165.9665,0.460192772456858,0.821145486839349,0.815842154308833,-0.533313264635952,-0.87872010040113,0.768645819925942,-0.502218032307677,-0.105199860073252,-0.443024549852424,1.381266015773,0.681907620857953,1.01779725701597,-0.419989472316033,0.479229714159794,1.26144097868967,0.341790027724277,0.611248608286839,0.621475075854322,0.405346403313252,-0.818758642787459,-0.684885164789551,0.814454145165634,0.158815186378724
"m1","lok",2,"o","modal","L",94,11.867,8.114,3.5685,-9.281,-15.5355,4.007,3.753,4.5455,21.148,27.4025,7.8605,0.666,32.8945,23.8545,-0.00988323393209557,30.3525,35.3615,42.9685,42.787,0.0905,0.0795,139.888,430.0015,1040.231,0.196150766572522,0.48653952381872,0.801666531704855,-0.406562031590167,-0.855724298240245,1.97339103869383,-0.382673223748014,-0.318796509337802,-0.745540259883546,1.68706622584363,0.450782795848434,0.870332963634477,-1.57365230136265,0.382794390193351,0.653885328799405,0.0700162482012544,0.522970196901894,0.537544144433189,0.706143464250923,-0.50585853099037,-0.531977261954916,0.852147727015386,-0.0445806527698435
"m1","lok",3,"o","modal","L",88,11.858,9.231,1.5345,-8.601,-14.9455,-4.2975,2.627,7.6965,20.459,26.8035,16.1555,0.7555,30.055,17.947,0.0486359884326485,21.8195,26.703,34.881,36.8875,0.6455,0.0635,141.768,483.983,1180.5355,0.193598265978581,0.771848577783638,0.368084330554599,-0.310259418773257,-0.767336524462249,0.575876487882553,-0.737838011183848,0.222452418553309,-0.733837145101706,1.32130392740405,0.363596918798581,0.788921800744599,-0.390682628707766,0.602704073596212,-0.29025460208998,-0.626182944106464,-0.1524807511357,0.0056960994074408,-0.370801164530469,1.41303165737852,-0.663041178670317,0.752938946429074,-0.185429773086872
"m2","botey",2,"o","modal","M",78,4.9675,-3.0225,-13.0705,-18.031,-30.0135,-24.5925,7.99,10.0485,22.9985,34.9805,29.5595,6.958,20.576,15.991,-1.20760831050175,15.678,30.462,39.169,43.322,0,0.033,90.2495,285.8815,2315.5865,-0.547121715434246,-0.761993993257487,-1.18108017077756,-0.715898619163658,-1.84096456909111,-1.5511809812479,0.510984995918787,0.559618178399074,-0.0454824702572432,0.239701098662382,0.424210352402328,1.33004544958287,1.21780722014204,-0.889154243279411,-0.335908546924426,-0.069324842799308,0.373417362192657,0.58518905526177,-0.0608057873746208,-0.544376848354243,-1.18177477209641,0.763836139466097,0.0120488693040094
"m2","pantlon",1,"o","modal","F",147,15.1855,7.975,-4.4205,-14.398,-26.5335,-8.295,7.2105,12.395,29.5835,41.719,23.48,-3.606,28.854,18.9065,-0.0642408962546882,21.173,31.017,36.824,39.9115,0,0.0515,104.79,497.3135,622.545,1.40438967919084,0.941854425613548,0.137572162004654,-0.261516749846017,-1.24577483256929,0.325776671191494,0.317026192364431,1.02365989352522,-1.25748150110947,1.12962630450295,1.40118732642194,2.46473168598087,0.519584774269761,1.5470332543201,0.496020240267998,-0.0168917245143408,0.156171580186443,0.270339955160036,0.552737061068656,-0.544376848354243,0.149391369264594,0.936952481781915,0.431492686384321
"m2","pantlon",2,"o","modal","F",119,11.321,-0.6685,-11.4795,-16.693,-29.0465,-14.295,11.99,10.8105,28.014,40.368,25.616,18.766,5.9195,18.667,-0.692503962086787,18.9785,33.5575,38.873,42.5055,0,0.037,96.8145,418.8195,1952.713,0.666318061992894,-0.397287543789661,-0.938539608759468,-0.548554016590852,-1.67557707621277,-0.36523396937524,1.50628353885326,0.710310608369722,1.30923965737463,-1.33594383724029,1.16833002031355,2.23723875649008,0.764901518143958,0.208385146011346,0.163778616338285,0.22311969350901,0.345995293333877,0.50981175274511,0.502336267996399,-0.544376848354243,-0.390791992447117,0.808156217487165,0.535268983808025
"m2","pantlon",3,"o","modal","F",95,13.215,3.1765,-4.182,-10.4945,-17.7285,-12.7875,10.0385,7.3585,23.7095,30.9435,26.003,17.4005,12.739,18.114,-0.472370099128661,23.836,31.9465,36.4495,40.1625,0,0.045,95.034,304.042,1957.241,1.02804859452567,0.19842031441076,0.173930379503909,0.226696745029131,0.260157819750992,-0.191617545932848,1.02070226221911,0.0276462143294625,1.1525769655317,-0.602814465262787,0.529697160075516,0.650260877892036,0.809347950671727,0.677427168771836,0.899191552423308,0.0709219393521044,0.121477104552615,0.293511667262523,0.385961994222044,-0.544376848354243,-0.853806302485727,0.884285996303583,0.602028757199546
"m3","bo7",1,"o","checked","L",192,-2.2915,2.26,-1.2255,-11.494,-13.0295,-0.1675,-4.552,3.4855,9.202,10.737,-2.1245,-12.2935,46.76,20.574,-0.53985418250825,22.9815,35.525,44.0655,48.1165,0.506,0.024,124.219,355.7225,625.222,-1.09142839090601,0.291274873993925,0.450576324683215,0.0113508232792786,0.610271006769319,1.77182396301258,-0.950703389798762,-0.24087589830985,-2.70664407854925,3.75701149699162,-0.535114934940557,-1.2634985856519,-2.26248413216652,0.474083650415572,-0.186749391450408,0.0371485421180951,0.522543568613723,0.751087349113034,0.12781396656148,0.21390470939479,1.04831181869485,0.466616910066494,-1.38956972467504
"m3","bo7",2,"o","checked","L",195,-5.5665,2.556,4.189,-11.483,-14.682,-7.1825,-8.1225,-1.633,5.9165,9.1155,1.616,0.4105,42.831,19.346,-0.726998727936262,15.146,26.847,36.746,41.3385,0.3135,0.015,58.962,370.459,753.9845,-2.12486495961215,0.380662329058891,1.36416243116732,0.0128134224552802,0.313080821444078,0.765433852935755,-1.71802796023087,-0.963615155649527,-1.18876923648327,3.22684783155563,-1.03110606852762,-1.56245065582108,-1.72719025997332,-0.217784637794758,-1.04075893494645,-0.713252334975503,-0.10693668476192,0.152316635926558,-0.0991922880349815,-0.546202495133171,1.10269406312306,0.293651949327542,-1.98790473681262
"m3","bo7",3,"o","checked","L",149,-3.7255,-0.9485,0.886,-15.7245,-27.727,-20.247,-2.777,-1.8345,11.999,24.0015,16.5215,21.1115,13.45,15.7835,-0.995678626217357,14.969,26.7665,35.9545,39.1815,0.4245,0.022,116.772,378.426,2325.7005,-1.54393160908146,-0.677642861059936,0.806848753132969,-0.551151523454815,-2.03296817557121,-1.10883323089869,-0.569243898826352,-0.992067233475833,1.28458774601105,-0.737707692540768,-0.112869553524325,1.18204549992265,0.405899650994648,-1.21108690516847,-1.06005058055922,-0.720213301857969,-0.175006036568303,-0.0382334420231652,-0.757750742432287,-0.107906912262503,0.268832981890424,0.434301172883962,-0.782304278333754
"m3","botey",1,"o","modal","M",53,0.3425,-0.677,-6.393,-17.783,-22.4415,-10.056,1.0195,5.716,18.1255,22.784,10.399,-5.9495,34.138,19.419,-0.731656086048935,28.364,36.946,44.839,48.283,0.8885,0.03,167.528,421.341,1069.4945,-0.260261391830587,-0.595654029809469,-0.421333584866442,-0.824857014709309,-1.08240918946739,0.353194083683331,0.24664959834365,0.0740737770825802,-1.9486624980969,2.05384891487581,0.812009362902753,0.957577941840022,-0.470276457146737,-0.235002763910205,0.399901922169332,0.16002474013031,0.589064912419455,0.765796012988152,-0.085697616548384,1.72424759631398,-1.47139883981247,0.549986407214892,-0.112473048127567
"m3","botey",2,"o","modal","M",47,-2.502,1.824,-6.585,-18.076,-19.875,-9.635,-4.326,8.409,15.574,17.373,7.133,-3.196,31.598,0,-0.655607726314889,0,0,0,0,0.7235,0.059,157.0005,410.467,1086.4485,-1.15785232913887,0.159609568560395,-0.453729656977431,-0.863815338215535,-0.620842707992517,0.413591836547528,-0.902134463060866,0.454329090165662,-1.61967411824578,1.71111139637048,0.426825562157843,-0.0400351643489702,-0.937665786536653,0.0461459511114515,-2.69155703918883,-3.03475640818728,-3.2671090176455,-3.49953983014885,-3.67546509049681,1.07272713529002,-1.5801633286689,0.805917362382443,-1.18687255668806
"m3","pantlonh",1,"o","modal","F",96,4.4845,5.395,3.106,-14.083,-16.103,-10.6455,-0.911,2.2895,18.5675,20.5875,15.13,7.8,29.624,23.9245,-0.378823718224965,41.237,44.973,49.6415,52.203,0.9115,0.0635,166.024,472.72,1155.184,1.04675975857579,1.23799673760429,1.18142833691628,-0.332891837326931,0.0575242384805884,0.268622883413867,-0.168227893105498,-0.409752747343405,-0.305871240147738,1.44474767135887,0.878735304478003,0.552614499270419,0.206765464881338,1.06940889176089,1.80296041919245,0.854132580696145,1.00208204703747,1.11209008139933,0.747182416093598,1.81506559997187,-0.69192000300805,0.833946270941672,0.374230779661254
"m3","pantlonh",2,"o","modal","F",76,0.064,-2.069,-7.649,-19.562,-18.8485,-14.253,2.1335,5.58,19.6265,18.913,14.317,-2.669,28.4785,20.552,-0.546681659952962,23.578,29.422,36.819,40.5085,0.427,0.018,242.637,510.439,1080.808,-0.348142944314453,-1.0160166563312,-0.633257889925827,-1.06139919053721,-0.436234099680046,-0.24891843121224,0.486055723945489,0.0548703895670589,-1.55670811999572,1.2901784479542,1.0386058296549,0.24389094607998,0.0904190090350423,0.448842652225299,-0.121735455811917,-0.490587866374902,-0.100658652314837,0.0789941673599052,0.123747079264148,-0.098035390125776,-1.05446829919615,0.360254978559706,-0.630410740028522
"m3","pantlonh",3,"o","modal","F",64,2.5075,5.6885,-8.6555,-13.014,-31.3915,-21.566,-3.181,14.344,15.5215,33.8995,24.0735,11.893,17.022,23.1335,-0.651695136951839,44.1455,46.5885,52.31,54.0845,0.458,0.056,139.129,533.6245,2430.5665,0.422911179543097,1.32662923105553,-0.803084174195151,-0.19075379013186,-2.69200202375538,-1.29806039486039,-0.656066228039227,1.29235927328786,0.183160696925314,-0.255716190138796,0.418899969549923,3.00691604604327,1.48664803297647,0.0606106874407536,2.11996466362589,0.993827512356056,1.23157423313391,1.27830240020434,0.600959331903206,0.0243714843696359,-1.27199727690902,0.786037911245131,0.384794380580711
"m4","bo7",3,"o","checked","L",122,-17.761,-24.489,-17.295,-29.8005,-34.785,-17.113,6.728,-7.1935,12.0395,17.0235,-0.6475,-8.2055,36.5275,13.88,-1.97881070093006,20.4215,33.325,42.701,48.1635,0.3225,0.025,177.063,425.74,656.716,-3.25096713106631,-3.53382608948614,-1.21172259704042,-0.896176370296548,-1.57159690707912,-0.086634675987965,0.72141834117273,-2.03999755190148,-2.15769404619769,1.80294937124049,-0.828987623847989,-0.567447781447177,-2.1533839272431,-1.37465369923508,-0.245854207921709,0.142277643551453,0.647884910725623,0.933516849287208,-0.500117394334831,0.814570980446722,-0.25180909182182,0.672645938948525,-2.38647605021754
"m4","botey",3,"o","modal","M",106,5.187,-5.013,-2.3195,-15.8495,-11.55,-3.929,10.2,-2.6935,21.0355,16.736,9.116,-7.3275,46.2375,19.558,-1.29242982390206,35.604,40.3265,45.886,49.195,0,0.0325,89.8045,230.171,924.0785,0.758810918876116,-0.380288593776553,0.922226292803743,0.362523587244318,1.04010654357304,1.47050291838619,1.49946344114049,-1.3508379047579,-2.04512017078199,2.74758954017228,0.0309324114751536,-0.602728275285153,-0.976938560071194,0.0879921107632585,1.34349818611264,0.672148346384165,0.888476322264095,1.01246433085407,0.401804278555721,-0.702780958524385,-0.568052849211861,0.776052048142152,0.703474513072806
"m4","pantlon",2,"o","modal","H",111,7.653,-4.8605,-1.236,-10.02,-13.665,-13.3115,12.513,-3.624,17.673,21.318,20.9645,5.106,33.7455,20.183,-1.05799194697769,30.599,37.4295,43.6545,48.0695,0,0.0425,93.7585,204.1145,1152.667,1.18970305201007,-0.35559592238121,1.07662071183123,0.88847809964375,0.802372401196056,0.362353382644723,2.01778668890127,-1.49334080512837,-0.450943314311478,1.53230169359186,-0.290486121069762,-0.0404492395786912,0.450737266521352,0.587568351688104,0.819558865701515,0.452904552039187,0.719911256377721,0.926322410831285,0.501082377456143,-0.702780958524385,-0.469226675027473,0.882626897564047,0.820193553213377
"m4","pantlon",3,"o","modal","H",100,8.0235,0.3705,-3.917,-13.2685,-14.85,-16.0145,7.653,4.287,21.2925,22.873,24.038,3.6325,32.1265,19.446,-0.97061622231479,26.4805,33.603,41.3175,45.494,0,0.042,94.03,295.0395,1156.8155,1.25444171191523,0.49140318626825,0.694588928340049,0.595388943879181,0.669173839155048,0.0431071055214415,0.928702822010915,-0.281798145449952,-0.639869971970971,1.37479680857635,0.0554988242228247,0.15037221404932,0.821076267494655,0.773761967872637,0.388421185159413,0.163316571693636,0.543376836043212,0.729202450796907,0.384013643232765,-0.702780958524385,-0.686644258233126,0.87791012956957,0.767838925847662
"m5","bo7",1,"o","checked","L",117,-2.3635,1.9155,7.0575,-5.557,-13.8735,-6.1525,-4.279,-5.142,3.193,11.51,3.789,8.644,30.043,16.9105,-0.0759792995259324,12.9955,22.679,30.9165,35.9155,0,0.02,61.9745,386.6105,655.6545,-0.453219691666285,0.269866813836653,1.61302313478515,0.380824699279899,0.7283506282575,1.00612869106114,-0.654781336513145,-1.31039534576786,-0.153828269940281,1.53060845325011,-0.640949762951844,-1.09381807700667,-1.32863931505543,1.7582415956234,-1.1720853135792,-0.991500042949478,-0.580397404145699,-0.33093060855191,-0.144154168967692,-1.96473807890081,0.769012008408941,0.311760016225627,-1.55894121137668
"m5","bo7",2,"o","checked","L",132,-1.831,-2.7965,11.3585,-20.6165,-34.429,-28.9825,0.965,-14.155,18.785,32.5985,27.152,30.2135,14.724,17.1365,-0.319664486585437,11.3395,20.648,28.6415,34.028,0.2095,0.0105,58.8815,650.676,2765.6745,-0.296325640495357,-0.778586540185333,2.30133497778735,-1.84910055208927,-2.48946166617091,-2.17991397063626,0.593332418225021,-2.64246781229165,2.2739898121731,-0.327381687810321,1.79026964850877,2.63208721094505,2.21981171277542,0.987041703805273,-1.34447937324307,-1.16080130305345,-0.768138318442202,-0.486077735343075,-0.104934352331873,-0.95559054269163,1.28708842531279,0.0409167978243528,-0.917055610407225
"m5","bo7",3,"o","checked","L",110,-1.859,-6.054,1.635,-11.506,-18.902,-10.2655,4.195,-7.689,9.647,17.043,8.4065,4.5475,35.6895,15.835,-0.703334809738469,9.188,24.151,34.135,39.857,0.38,0.0315,59.8285,352.8005,703.2415,-0.304575468538148,-1.50340334848895,0.745231698217034,-0.50006944198609,-0.0588240511486571,0.43213861363839,1.36209813672317,-1.68682811756816,-0.614921794286116,2.21545350393865,0.365405424424169,-0.116250494758673,-0.627317882833161,-0.227174536746072,-1.56845631730516,-0.868796224695887,-0.314795587590404,-0.00695052895064919,-0.330795376011161,-0.134303407017807,0.52724301385381,0.508184536112835,-0.161710133856249
"m5","botey",1,"o","modal","M",101,-3.4705,-3.6095,-10.1635,-13.1055,-24.172,-11.6715,0.139,6.5535,9.635,20.7015,8.201,-13.255,41.473,15.9205,-0.972650392225244,26.0325,37.052,45.273,49.1475,0.59,0.046,137.59,351.6795,747.202,-0.779382536072327,-0.959484795028261,-1.14294483739364,-0.736914319941199,-0.883803778795162,0.235924159746732,0.396737841296393,0.418136056898176,-2.61873418710113,2.91691482522745,0.363534296093132,0.530131395654175,-0.658529914088532,-1.0794879275802,0.18510149550168,0.206612715038874,0.60435091941375,0.756702123474952,-0.315957790513981,0.877252595864908,0.216397163711498,0.674109775757724,-0.10051506145215
"m5","botey",2,"o","modal","M",43,0,0,0,0,0,0,0,0,0,0,0,0,0,0,-1.02918838912748,0,0,0,0,0,0.048,132.322,695.035,2038.0775,0.243154186159985,-0.156345495082938,0.483573975987644,1.20367370634245,2.90014498338156,1.86474137069729,0.363654734525111,-0.550435662769376,-1.12677894110967,-2.11320627407404,-1.13882582636858,-3.12739893218007,-1.9041253803917,-1.25841590273026,-2.52495186089917,-2.88198910149104,-3.13173453682607,-3.2830824667072,-3.07878562569348,-1.96473807890081,-1.78683164831673,0.692853097335562,1.0345457377296
"m5","botey",3,"o","modal","M",69,-10.439,-1.751,-5.123,-20.173,-30.7015,-23.6595,-8.6875,3.372,9.734,20.2625,13.2205,15.744,18.5185,15.5945,-1.23657200643706,27.3585,35.74,41.9435,44.8895,0.4985,0.025,119.5645,419.1665,2771.4815,-2.83255849022183,-0.545955389584742,-0.336286886997776,-1.78342959030553,-1.9059489650699,-1.43706223659267,-1.70403943868004,-0.052072370067921,0.645332970839757,0.132840493158008,0.378971104824186,0.452569102394303,0.103848630370526,-1.91473081938108,0.32314166646442,0.0972462683345867,0.329588996710363,0.406706644864736,-0.372531508316093,0.436503194608868,-0.888832525683387,0.407820228027265,-1.62842415696957
"m1","blull",1,"u","modal","L",136,12.6935,5.4235,-1.976,-8.33,-17.1005,-5.768,7.27,7.3995,21.0235,29.794,18.461,-1.7445,32.8775,16.1265,-0.230622673923862,18.967,31.7275,36.5995,39.058,0,0.0375,123.64,323.752,1285.2725,0.430555404449433,-0.200679822369832,-0.380239325855419,-0.27187999513593,-1.09017661343103,0.328414852989665,0.726664749086647,0.171436572287469,-1.06073979263912,1.68487641810513,0.435028598906915,1.19536601213388,-0.061889792022312,-0.446723474219683,-0.605871519101813,-0.222180768007818,-0.00895525448004572,0.201369661866698,-0.7026805884317,-0.818758642787459,0.385470155052893,0.521917823800066,0.71149049325295
"m1","blull",2,"u","modal","L",127,11.159,3.7045,-3.1225,-10.774,-18.302,-6,7.4545,6.827,21.933,29.4615,17.159,-0.6415,30.059,20.3555,-0.462180904926726,32.1545,45.169,46.353,45.6335,0,0.0455,129.9115,350.0235,1326.4065,-0.00464594681749922,-0.639754364684688,-0.624635586238295,-0.618002915319057,-1.27017307138741,0.289372962955561,0.784860045074135,0.0730979460679641,-0.916510344545613,1.3218191762837,0.550116487407412,1.15017534158149,-0.247571107730167,-1.31689732840687,0.853268916689089,0.858602444258071,0.805636500906004,0.794160037333569,0.0682713938140053,-0.818758642787459,0.188874279979791,0.606442684462495,0.82352335533823
"m1","blull",3,"u","modal","L",114,13.6865,7.3825,-3.2365,-3.0525,-18.818,-3.1175,6.304,10.619,16.7395,32.504,16.8045,-3.745,31.6875,20.175,-0.121478204498793,29.7825,41.8635,44.486,43.396,0,0.0435,122.684,330.7175,1321.3495,0.71218130331425,0.299696575765598,-0.6489366535594,0.475527415365893,-1.34747492099664,0.774451618228427,0.421967427005816,0.724451781219691,-1.32232729119856,1.53158987641008,-0.107067623562715,1.56368696610979,-0.298127195609149,-0.0365689173658948,0.590817268257163,0.592818944786666,0.649708597352843,0.592446332656035,0.0353660183599148,-0.818758642787459,-0.0950975395702447,0.586759985446176,0.735178733806528
"m1","bsuh",1,"u","breathy","F",154,12.142,3.8525,1.689,3.183,-13.251,-0.728,8.289,2.1645,8.959,25.393,12.8695,-5.3925,31.897,16.9975,0.17868923977559,27.404,37.771,42.9635,42.492,0.644,0.056,168.6545,330.0835,1212.801,0.274143840276273,-0.601951553595334,0.401018671792413,1.35860821274801,-0.513483841976122,1.17656625717882,1.04807941906632,-0.727782132095255,-1.53775613592571,1.5585760364816,-1.09161002760682,0.597218219348651,-0.859306901684734,1.09143184837897,0.327646422643615,0.263755574165965,0.522552607444065,0.510949488397492,-0.543896200506419,1.40784546768022,0.778661905199097,0.697595829284903,-0.412234917372238
"m1","bsuh",2,"u","breathy","F",145,11.2255,4.4245,4.625,4.088,-10.632,-13.177,6.801,-0.2,7.1375,21.8575,24.403,4.0635,25.2155,16.8175,0.192846115188842,23.356,35.414,40.836,41.851,0.539,0.051,169.09,333.4095,2673.963,0.0142141964599537,-0.455848797222968,1.02687773893949,1.48677566068816,-0.121132012273458,-0.918401367970149,0.578731991264794,-1.13393354117127,-0.301279561880202,0.697917189140862,-1.32210215394399,0.116702081790784,0.785512956008469,1.1446320425083,-0.120247452926551,0.0742375864926624,0.34486829313804,0.453162456130095,-0.576710425335984,1.04481218879962,0.582066030125995,0.656492736084132,-0.705621055249442
"m1","duh",1,"u","breathy","L",230,11.6055,7.368,-1.8395,-3.916,-18.4985,-15.431,4.2375,9.207,15.521,30.1045,27.0365,5.398,24.5435,20.8815,-0.209363038068297,24.499,38.377,45.5335,47.108,0,0.0395,125.077,339.485,2564.405,0.121986443759682,0.295992921976438,-0.351141995247253,0.353237259237362,-1.29961069434906,-1.29771352373252,-0.229851430219895,0.48191179829927,-0.126778928624731,0.611355377360128,-0.261256290014452,1.2375666232813,1.16108265256503,-0.36683178049352,0.00622060531868143,0.312481879015359,0.737193588767914,0.927088241823859,0.164161850815954,-0.818758642787459,2.43880485026085,0.544591493743537,0.352679310323081
"m1","duh",2,"u","breathy","L",189,12.806,8.064,-0.588,-2.9055,-18.0675,-15.861,4.742,8.6525,15.712,30.8735,28.667,5.5245,25.2895,19.273,-0.139661993429006,21.799,37.1695,44.203,45.356,0,0.045,122.348,331.978,2662.949,0.462461661873695,0.4737683038561,-0.0843631728580953,0.496345774313078,-1.23504267655531,-1.37007564750263,-0.0707212035224011,0.386665041550421,-0.110237654659337,0.707449293414336,-0.237087200730676,1.34208279066414,1.39361213433281,-0.104901870284912,-0.292522839355096,0.215391098312978,0.62607303403975,0.769143030384735,-0.129069708286013,-0.818758642787459,1.54320141937227,0.601602536829405,0.528432263252153
"m1","duh",3,"u","breathy","L",211,11.691,6.9135,-3.5865,-4.207,-23.6165,-7.564,4.7775,10.4995,15.898,35.3075,19.255,-5.892,34.5895,21.223,-0.203078924669831,22.976,38.392,44.9415,46.4345,0,0.0405,125.1615,343.8255,1075.4315,0.146235199402121,0.179902532516227,-0.723545193580339,0.312025405811302,-2.06633717942666,0.0261767732428941,-0.0595237346467598,0.703925203345052,-1.60307128490369,1.90540293859415,-0.213550810119249,1.94471567255682,0.0513444358363961,-0.343216678787097,-0.162292826621379,0.313687975670047,0.68775099696102,0.866371289823716,0.226417727367599,-0.818758642787459,2.02376911399541,0.555511774038792,0.362077020345886
"m1","llume",1,"u","modal","M",60,15.19,5.7605,4.095,-0.144,-14.111,1.6425,9.4295,1.665,15.334,29.3015,13.5475,-2.4755,34.1785,16.0135,0.122707254318348,27.09,36.075,39.9725,38.9765,0,0.068,150.1275,340.097,1211.008,1.13859070809094,-0.114601799821777,0.913899092622068,0.887433517392336,-0.642320257991507,1.57548349996263,1.40781782054995,-0.813581509905985,-1.15632612677906,1.85246111621039,-0.284919220360349,1.12842945499988,-0.7626157096341,0.881056860457352,0.292903666485258,0.127386245742579,0.272750593771058,0.194022324690734,-0.723280629574704,-0.818758642787459,-1.27467279000886,0.783133034743918,0.584512398761236
"m1","llume",2,"u","modal","M",50,13.465,5.141,5.63,0.361,-9.7,-10.816,8.323,-0.489,13.104,23.165,24.281,7.372,25.544,0,0.0326187608507199,0,0,0,0,0,0.0635,153.2555,343.3675,2678.569,0.649361427585592,-0.272837215158632,1.24111083242819,0.958952369557834,0.018490708338563,-0.521082823269633,1.05880375545426,-1.18357522322793,0.131343401870811,0.740232003381891,-0.567102828228527,0.294406748699824,0.768114245934461,0.54251285258888,-2.70448889507497,-2.77327620878199,-3.06566832683886,-3.31976279725961,-3.64256168128707,-0.818758642787459,-1.49311265120119,0.752938946429074,0.308186393778983
"m1","llume",3,"u","modal","M",53,13.614,9.055,-1.861,-3.001,-17.7535,-2.573,4.5595,10.9165,16.615,31.3675,16.187,-4.42,29.5605,0,0.0578562087418879,0,0,0,0,0,0.0545,139.786,374.5575,1317.065,0.691619492974171,0.726893883515217,-0.35572509127711,0.482820922071879,-1.18800240373108,0.866082261002434,-0.128285656192951,0.775553512748604,-1.41059100603366,1.25760628465767,-0.122821820504234,1.40922321548484,-0.386190338811608,0.637352786398161,-2.70448889507497,-2.77327620878199,-3.06566832683886,-3.31976279725961,-3.64256168128707,-0.818758642787459,-1.42758069284349,0.685656207170636,0.290801600073643
"m1","sukr",2,"u","modal","H",40,0,0,0,0,0,0,0,0,0,0,0,0,0,0,0.00667992774082549,0,0,0,0,0.776,0.086,184.046,359.485,2779.676,-3.16946307212717,-1.58597405171516,0.0409791743770821,0.90782701187121,1.47164563316325,1.2990770155617,-1.5664507079813,-1.09957943594175,-0.832627125187513,-2.55014734204532,-2.22527950872386,-2.85398989294294,-2.69465689592609,0.445037179698307,-2.70448889507497,-2.77327620878199,-3.06566832683886,-3.31976279725961,-3.64256168128707,1.86423016113012,-1.71155251239353,0.886912772077046,-3.44933768542749
"m1","sukr",3,"u","modal","H",36,0,0,0,0,0,0,0,0,0,0,0,0,0,0,-0.00877392430750515,0,0,0,0,0.1245,0.111,189.415,351.313,1494.6235,-3.16946307212717,-1.58597405171516,0.0409791743770821,0.90782701187121,1.47164563316325,1.2990770155617,-1.5664507079813,-1.09957943594175,-0.832627125187513,-2.55014734204532,-2.22527950872386,-2.85398989294294,-2.69465689592609,0.386963070474489,-2.70448889507497,-2.77327620878199,-3.06566832683886,-3.31976279725961,-3.64256168128707,-0.388304897829033,-1.79892845687046,1,-3.41281608767515
"m1","yu7",1,"u","checked","L",187,14.622,9.281,1.166,-2.7705,-13.1675,2.236,5.341,8.115,17.3925,27.7895,12.3865,-9.214,35.25,20.5245,0.20655604409903,31.6455,45.257,48.6815,47.7755,0.2375,0.089,189.015,331.001,1129.7895,0.977499559495556,0.784619797746257,0.28953219627541,0.515464675387023,-0.500974724839745,1.67536005916625,0.118216369900391,0.294338383746082,-2.0374595229514,1.99048340984589,-0.024437176953782,0.92293082680373,-0.928188680092487,1.19615265410022,0.79695024508207,0.865678211298907,1.00010791141674,0.987264285565648,0.0990803049039851,0.00238805944247036,1.4995134471338,0.902090811895257,0.22526406820155
"m1","yu7",2,"u","checked","L",158,12.4275,4.286,2.426,3.4925,-14.623,-2.7725,8.1415,1.86,8.9355,27.051,15.2005,-2.1435,30.3375,18.842,0.216957207361097,25.1715,39.418,41.526,41.7615,0.606,0.064,169.3865,330.8555,1294.6535,0.355114831339622,-0.491225076519424,0.55812294035079,1.40244006372865,-0.71902286845648,0.83250960125328,1.00155472444218,-0.780086257307202,-1.11291345518609,1.35769337952914,-1.09458371136687,0.822559969050517,-0.526877449369057,1.23523923843188,0.0806298521865018,0.396184986850704,0.402495638318372,0.445093907942994,-0.207641546627914,1.27646199532343,0.866037849676032,0.756396178245856,-0.421701398764722
"m1","yu7",3,"u","checked","L",174,12.0875,3.828,-0.271,-0.1405,-13.7475,-1.808,8.26,4.0985,12.228,25.8345,13.8955,-6.179,31.3965,18.5765,0.110421346473956,26.2315,41.0035,44.212,43.977,0.4065,0.066,179.42,346.5365,1169.3715,0.258687031124075,-0.608209451377018,-0.0167891523248449,0.887929192605364,-0.587864400757097,0.994819527709717,1.03893219097073,-0.395577934525783,-1.64059970884098,1.49410552041574,-0.677951635624277,0.657223275134763,-0.71298660220988,0.834887584872366,0.197914315651021,0.523669403251223,0.626824695063842,0.6448242823399,-0.256042528251521,0.586698765450294,1.21554162758377,0.769964164919305,-0.266356382380828
"m1","yu7u",1,"u","laryngealized","F",188,4.4535,2.122,-4.6425,-3.81,-19.426,5.3985,2.3315,6.7645,8.2635,23.8795,-0.945,-20.788,43.8385,17.4995,-0.184090349113225,11.033,23.729,32.2955,35.9205,0.3125,0.022,144.1365,345.3535,733.7445,-1.90640069489206,-1.04396347650159,-0.948649817186372,0.368249137117644,-1.43855927092379,2.20755823689407,-0.831045111261369,0.0623622881837386,-3.55088801999061,3.09678716055845,-1.17961841293073,0.391515723465797,-2.82942559281082,-0.27185941411093,-1.48373466356172,-0.865311707509266,-0.368416259778816,-0.0814802815638106,-0.452380973481746,0.261697544357185,1.52135743325304,0.291274100919895,-1.73543397150969
"m1","yu7u",1,"u","laryngealized","R",264,8.393,-5.4025,-4.747,-6.49,-22.5555,-22.865,13.7955,-0.6555,14.8825,30.9485,31.2575,7.3335,20.3715,16.3035,-0.266000713461613,25.9975,42.6495,48.492,49.7865,0.4075,0.0695,198.2485,386.3305,2016.43,-0.789114462688683,-2.96590436867619,-0.970925795564052,-0.011296454572528,-1.90738899641234,-2.54873684491153,2.7849487814246,-1.21217501583151,0.126309101098735,0.0739507958880663,-0.342051910473569,1.35227617499926,1.76304949865017,-0.579670788961309,0.172023217112627,0.656018409492316,0.984281270965036,1.16855870349035,-0.670413267349295,0.590156225249157,3.18150037831479,0.792761562732993,-0.42457157660438
"m1","yu7u",2,"u","laryngealized","F",187,5.236,0.286,-3.032,-0.1275,-18.2695,1.8815,4.9505,3.318,5.3635,23.506,3.355,-15.1285,40.33,15.2745,-0.217527375833714,16.247,30.942,38.5035,40.7925,0.441,0.034,157.6695,305.3935,703.2055,-1.68447494880775,-1.51292267352898,-0.605343949461452,0.88977027196804,-1.26530425334032,1.61570337805811,-0.00495578773166277,-0.52964483018399,-2.81084580649541,2.64484948699788,-1.54658364289383,0.340752669476866,-2.21619236889087,-0.397512586912926,-0.906827878180581,-0.285340029491644,0.150062811061046,0.357737224218958,-0.85800125262497,0.705981128511063,1.4995134471338,0.479246570342703,-1.43448756209168
"m1","yu7u",2,"u","laryngealized","R",248,8.021,-4.5195,-4.946,-8.152,-22.7555,-19.92,12.5405,0.4265,16.173,30.7765,27.941,9.5735,17.2855,14.884,-0.441291429466834,19.975,37.3,44.6655,47.4495,0.1315,0.0675,204.7385,391.958,2373.828,-0.894617820571575,-2.74036462413633,-1.01334607974739,-0.246671370016209,-1.93735095362521,-2.05314043909068,2.38909460004629,-1.0263193065398,0.419213873292257,-0.323563714759771,-0.178752383139989,1.32889934692404,1.2900755481547,-1.23839666231456,-0.49434063309027,0.225884139208763,0.664700058888886,0.957874936861793,-0.929189890380219,-0.364102679236993,2.83199660040705,0.779876952788111,-0.115815952348664
"m1","yu7u",3,"u","laryngealized","F",205,3.716,-0.0635,-0.049,-1.353,-19.722,2.503,3.7795,-0.015,5.069,23.438,1.213,-12.1415,42.4175,16.8325,-0.404503778174426,14.3845,29.329,38.5925,41.102,0.498,0.0205,145.655,308.8555,866.3905,-2.11556393800666,-1.60219350106769,0.0305339787741506,0.716213136663448,-1.48290296759886,1.72029188950723,-0.374314549798591,-1.10215599383397,-2.42026252321771,2.91374499606377,-1.58384959469526,0.331510667679685,-2.5216680818296,-1.10015216038962,-1.11290553214536,-0.415035623092424,0.157495903410393,0.385639075212342,-0.573975906600187,0.903056337046246,1.89270519728001,0.261080012605051,-1.42370115775695
"m1","yu7u",3,"u","laryngealized","R",229,8.4155,-7.7,-7.6385,-9.754,-25.5435,-18.2845,16.116,-0.0615,18.1695,33.959,26.701,14.145,11.983,13.5925,-0.44189169836945,22.2455,40.932,46.814,48.555,0,0.0775,201.5135,408.852,2318.085,-0.782733211203831,-3.55274192595855,-1.58729891976561,-0.473548996093693,-2.35502063717276,-1.77791194275113,3.51688473990138,-1.11014332329983,1.01698805457917,-1.00659051084213,0.0738841967294352,1.76143862221124,1.1132361998615,-1.24065241587717,-0.243119525263673,0.517920342530543,0.844138248917792,1.05753728346336,-1.16463195353234,-0.818758642787459,2.41696086414161,0.840884006004046,-0.0025127465470971
"m2","blull",1,"u","modal","L",142,7.832,4.5635,1.002,-5.536,-23.2245,-23.0565,3.2685,3.5615,13.368,31.0565,30.889,17.094,20.337,17.213,-0.688246138944246,24.0805,39.5035,45.1695,48.3995,0,0.037,87.6545,298.4405,2249.4835,-3.77078100954305e-05,0.41330894882532,0.964207107034892,0.846859833113779,-0.679831488273116,-1.37428225726281,-0.663840521697495,-0.723245067295933,1.11741247263543,0.214007437851088,-1.00460919935104,0.669288783911621,1.37049851741767,0.217457343957166,0.9362082200245,0.784862614810659,0.929316430392354,1.05393155805214,0.196354000242489,-0.544376848354243,0.0529300546732173,0.808156217487165,-0.136792102331885
"m2","blull",2,"u","modal","L",148,6.8495,-1.6825,-2.3815,-6.0805,-22.9685,-21.761,8.5325,0.699,12.93,29.818,28.611,14.103,22.7435,16.046,-0.96657624451305,21.3135,38.4415,43.5575,46.66,0,0.0315,84.6845,258.416,2248.209,-0.187683034216354,-0.5543870933905,0.448408243685918,0.778758834533141,-0.636047415701396,-1.22508154312045,0.645972360804275,-1.28933047515811,0.77425750280591,0.472717876103725,-1.06959263361384,0.460739566165992,1.108873263417,-0.375584153415576,0.517291576865002,0.684531134416721,0.77997732566143,0.89334513095143,-0.0492314925146036,-0.544376848354243,0.16868363218287,0.74585699994495,0.0485140173876772
"m2","blull",3,"u","modal","L",155,13.999,6.551,1.598,-3.091,-16.012,-10.827,7.448,4.953,17.0895,30.011,24.8265,11.1165,21.693,16.8695,-0.235450280935533,18.2005,30.715,35.009,38.2285,0.062,0.04,91.0525,328.187,1360.5935,1.17778288043153,0.721233361874302,1.05506453944393,1.15265770552821,0.553733446975042,0.0341701808723324,0.376122043351166,-0.448063287369218,0.431618814275035,0.359784023876675,-0.452472554124916,0.493238556093248,0.674228498814053,1.18223523993393,0.0459914286338793,-0.0454228987883229,-0.0119738758226312,0.114969471221839,0.124067267798563,-0.197744094543594,0.303729472610798,0.838434321293233,0.434299761041759
"m2","bsuh",1,"u","breathy","F",194,14.695,6.167,3.0805,-1.737,-17.2265,0.304,8.5285,3.0865,16.4315,31.9215,14.3905,-5.982,37.7175,15.71,-0.18575240426808,13.822,28.659,36.152,38.5095,0,0.0475,103.8595,306.6355,941.9005,1.3107102566949,0.661740041315405,1.2810647802936,1.32200343937244,0.346015649559598,1.31611008756372,0.64497706226134,-0.817180637159526,-1.53007802679149,2.08249560408835,-0.550096069524295,0.814944878663312,-0.524332146818494,1.28812713809881,-0.616902146383778,-0.239661621660202,0.0939160725070502,0.140910710667254,-0.119939912023072,-0.544376848354243,1.05612772642354,0.905373985229826,0.50063392801276
"m2","bsuh",2,"u","breathy","F",140,14.662,5.2095,4.043,-3.569,-15.38,-18.9725,9.453,1.166,18.231,30.042,33.6345,11.1625,25.2015,16.326,-0.30715308072277,12.697,28.823,36.812,38.863,0,0.052,103.8435,321.6965,2553.3965,1.30440766557896,0.513394066223883,1.42779343581995,1.09287390879443,0.661825376136476,-0.903934347917056,0.875015437997071,-1.19697697805012,0.436896356438912,0.736964814489341,-0.283115042227666,0.498458601107471,1.68581552130653,1.02945717208985,-0.78722423657331,-0.224167871392211,0.155059874692168,0.173544974524742,0.00969219040912062,-0.544376848354243,0.0143455288366665,0.940729476817194,0.657003491071095
"m2","bsuh",3,"u","breathy","F",185,8.9885,1.98,-0.9355,-7.3605,-18.2175,-21.8535,7.009,2.9155,16.3495,27.2065,30.8415,9.986,22.028,16.936,-0.705533773838407,14.205,31.744,38.7235,40.7125,0,0.0245,97.5455,315.4395,2533.248,0.220839462662005,0.0130459444922156,0.668844229027315,0.618668332819246,0.176523399877668,-1.23573462382918,0.266888028264107,-0.850997442310419,0.30191747913887,0.395798150955268,-0.562261917947926,0.0209928708549632,1.3650432059317,0.180622360322482,-0.558916937012587,0.0517909367346163,0.332145295717703,0.344286335216182,0.138061642492948,-0.544376848354243,0.88249736015906,0.649203466128785,0.107249822167439
"m2","duh",1,"u","breathy","L",216,11.227,3.732,2.669,-3.8085,-25.8365,-5.5595,7.495,1.064,15.0355,37.0635,16.787,-0.0840000000000001,37.554,17.692,-0.406713932979543,17.873,33.386,40.962,44.0495,0,0.043,91.597,300.177,1310.845,0.648365226692956,0.284484219542186,1.2183335161387,1.0629194750753,-1.12656585373144,0.640819939069878,0.387816801230645,-1.21714840568398,-0.85340533804041,2.06491855997686,-0.75721222073635,1.68079879682885,-0.249097326268628,0.817321597386571,-0.00359122428796172,0.206917387588519,0.539524691462228,0.652350093327746,0.297155586387003,-0.544376848354243,1.4805575106256,0.866573302792226,0.134368696862262
"m2","duh",2,"u","breathy","L",188,5.5505,-3.352,-2.9785,-3.951,-24.418,-8.244,8.902,-0.3735,9.5015,29.968,13.7945,-2.103,37.66,16.4965,-0.94692155651658,17.7075,33.551,39.8465,42.7615,0,0.0175,84.07,260.018,1105.352,-0.435775939052721,-0.813043600351645,0.357398365920487,1.04509689968919,-0.883957623485411,0.331650261636311,0.737913063707848,-1.50142710395538,-1.08504354736364,2.07631407481366,-1.57825862532626,0.485997848492875,-0.592781949884515,-0.333705659617717,-0.0286474962225109,0.22250561194351,0.436182401556926,0.533445052738086,0.0455725044751741,-0.544376848354243,0.940374148913886,0.521331369220383,-0.225915399973826
"m2","duh",3,"u","breathy","L",188,4.0205,-12.5925,-7.289,-14.1065,-27.4045,-6.8225,16.613,-5.3035,18.1265,31.425,10.843,-7.82,41.617,16.1325,-1.44977164694491,22.4215,36.0985,42.566,45.7305,0,0.0265,79.473,257.0075,1141.374,-0.727986981700635,-2.24467909156126,-0.299717342802951,-0.225058639494767,-1.39474329823323,0.49536219923058,2.65659982984978,-2.47637943959225,-1.74095025499164,2.50171079376886,-0.298619080767538,0.731339964161329,-0.931757778323042,-1.40513474549472,0.685039911025003,0.46317834857586,0.688122659196968,0.807535942109747,-0.0310282833256673,-0.544376848354243,0.940374148913886,0.679290960032726,0.15567299429682
"m2","llume",1,"u","modal","M",148,14.4905,4.9525,4.07,-3.8075,-17.0785,-18.296,9.538,0.8825,18.298,31.569,32.787,13.406,18.692,19.4195,-0.207258214165251,24.921,37.5765,40.4425,41.055,0,0.042,98.482,321.0465,2430.485,1.27165329053705,0.473576921995662,1.4319094604425,1.06304454577977,0.371328316515124,-0.826022898193157,0.896165532034429,-1.2530416813266,0.694291266105418,0.0371619481666544,-0.273174653881529,0.755587915195137,1.5884812795306,1.24230443531369,1.06345774607277,0.602811049161772,0.491397107772577,0.375905105714597,0.660693665853907,-0.544376848354243,0.16868363218287,0.857412669630854,0.490393905264133
"m2","llume",2,"u","modal","M",88,11.029,3.3145,-2.1985,-9.9055,-16.0455,-19.221,7.7145,5.513,20.934,27.074,30.25,10.461,16.3335,15.183,-0.657577319177794,18.8075,34.104,39.4095,40.438,0,0.049,91.399,321.688,2509.3525,0.610549679997344,0.219800726486614,0.476305743905473,0.300363389958416,0.548003890603352,-0.932553705280528,0.442433808774175,-0.337318194477403,0.356413838439779,-0.216388256952334,0.117912863736649,-0.00131861186711666,1.29711022184856,0.282803788459754,0.137889658629476,0.274749782054477,0.395697793140416,0.318945160028402,-0.23084270095451,-0.544376848354243,-0.988852142913655,0.91751106541682,0.432700267530961
"m2","llume",3,"u","modal","M",121,10.092,5.231,-1.3285,-8.2305,-23.291,-15.399,4.861,6.559,18.323,33.3835,25.491,23.412,11.2505,16.817,-0.68507994400758,16.409,33.421,38.9205,40.23,0,0.039,89.12,305.957,2266.555,0.431594289826693,0.516725072453092,0.608933203965649,0.509856819935583,-0.691205085249754,-0.492379927239519,-0.267587289291707,-0.130462181683048,1.84227141592626,-0.762835444834386,-0.269465553752374,1.061128937076,0.750545435286152,0.224203595794986,-0.225237037654606,0.210223980633517,0.350395794248715,0.299743103784109,0.113019077250365,-0.544376848354243,-0.352207466610566,0.82859505613224,0.290597318031659
"m2","sukr",1,"u","modal","H",78,6.941,2.373,-2.8285,-7.867,-19.266,-19.367,4.568,5.2015,14.8085,26.2075,26.308,5.9245,25.889,14.9995,-0.763210900590707,13.9945,29.88,37.287,39.702,0,0.0425,109.7365,294.3175,2905.97,-0.170207667940351,0.0739336397517125,0.380265169379138,0.55532002100824,-0.00280316297955118,-0.949368297534319,-0.340492907561657,-0.398920152398475,-0.164055075178275,0.81087440364317,-0.790890849909084,-0.147227289442076,0.844376792844775,0.0577289724748428,-0.590786092554717,-0.124308761433274,0.199064883840548,0.250999422548596,-0.269458757442022,-0.544376848354243,-1.18177477209641,0.862019310449723,-0.206512216379595
"m2","yu7",1,"u","checked","L",177,15.0195,6.4925,4.078,-1.6295,-19.3765,-8.472,8.527,2.414,16.649,34.3965,23.492,2.2555,32.248,17.1565,-0.13697470377053,9.157,24.0445,31.127,34.906,0,0.0505,102.7985,322.2465,1160.755,1.37268573600159,0.712169926320408,1.43312902329363,1.33544854010232,-0.021702147429454,0.305391857294776,0.644603825307741,-0.950173628176929,-0.584996427336247,1.49449778899473,-0.51782689840064,1.23170653705688,0.520962958224111,1.39205840519027,-1.3231710803697,-0.675612296121429,-0.371610603220552,-0.19175568200731,0.184464042795381,-0.544376848354243,0.728159256812857,0.929289361133058,0.497249198074122
"m2","yu7",2,"u","checked","L",248,14.703,3.496,0.678,-5.5085,-20.4505,-4.915,11.207,2.818,20.212,35.1535,19.618,-3.6435,32.091,16.7025,-0.258848401148215,14.798,29.209,35.1755,37.25,0,0.05,106.6855,281.4725,1182.1665,1.31223815757149,0.24792061628203,0.914814811564205,0.850299277486538,-0.205390014390497,0.715045998710754,1.31145384907384,-0.870278954019262,-1.2617838452648,1.47761952645342,0.010794052006632,1.35917666853321,0.0760392382949729,1.13238056748203,-0.469138270806016,-0.187700873810234,0.00345103791043253,0.0246367210533747,0.0889234997690567,-0.544376848354243,2.09790992401041,0.925401818172865,0.600107603338517
"m2","yu7",3,"u","checked","L",190,12.2485,5.233,0.6315,-6.082,-23.1505,-17.359,7.0155,4.6015,18.3305,35.3995,29.6075,21.209,11.716,16.927,-0.42021640338319,15.092,32.3765,39.1165,42.24,0.147,0.036,97.948,338.951,2134.072,0.843459069872593,0.517034933497669,0.907726102492024,0.778571228476445,-0.667175154795354,-0.718110069824652,0.268505388396375,-0.517575609068276,1.58952303794752,-0.712791933923684,-0.268352823713627,1.4006002515493,1.22331995595943,0.788551711893783,-0.424627431236484,0.111545796762079,0.368553650655205,0.485301435760208,0.136167666970399,0.277478229229071,0.978958674750437,0.797529721264463,0.347555321823518
"m2","yu7u",2,"u","laryngealized","F",250,-10.984,-13.5045,-13.7975,-15.8225,-31.4645,-9.202,2.521,0.2925,4.838,20.4805,-1.7815,-8.7215,30.1165,14.4525,-1.60205999132796,18.729,33.515,39.227,42.251,0.2665,0.006,155.6355,332.8225,1219.922,-3.59366056955072,-2.38597572788865,-1.29190794487382,-0.439679968354957,-2.08913132417535,0.221318896025823,-0.849836936908375,-1.3697195470519,-1.8443786084859,1.26535118640362,-2.27015416341896,-1.11158850868246,-2.38166472263006,-1.72961745856945,0.126004961669584,0.219104544811512,0.378790605414986,0.486316929119281,-0.384570380868011,0.945584907944758,2.13649444984696,0.134074089702407,-2.50594017346433
"m2","yu7u",3,"u","laryngealized","F",222,-9.393,-17.176,-17.0255,-23.466,-31.426,-21.0185,7.783,-0.1505,14.073,22.033,11.626,7.554,20.6965,14.2255,-2.15490195998574,24.3855,40.1835,44.7615,46.6455,0.232,0.0095,145.3405,339.0955,1804.2665,-3.2897992827188,-2.95480314047196,-1.784001555304,-1.39565789792539,-2.08254661013624,-1.13956897635031,0.459478296321928,-1.45732682589311,0.0228961195182137,0.252655433924981,-0.900012575708845,-0.850165286599223,-0.841831275301742,-2.90756487548033,0.98238443114255,0.849104993970618,0.891518443587008,0.892006526069016,-0.432340652381173,0.752700553001735,1.59631108813525,0.295639768409175,-1.46129228983721
"m3","blull",1,"u","modal","L",169,3.685,1.1155,-0.364,-1.627,-20.619,-14.654,2.569,1.4795,5.312,24.304,18.339,14.351,19.594,19.4875,-0.559090917934782,26.768,42.89,48.387,51.634,0.7205,0.0445,130.785,295.4665,2198.085,0.794475014551186,-0.0543465527690929,0.595936825327053,1.32330228415277,-0.754645732429418,-0.306446932158898,0.579647615955903,-0.52412586416379,0.476842715328822,0.0913392813555696,-1.12236360627024,1.23781670018548,0.665997662680554,0.402965963389905,0.225950134610186,0.67401215813496,0.894194489436571,1.06182443728557,-0.0730348083726042,1.06088130872594,0.631381278078528,0.698704575808648,0.541058112948951
"m3","blull",2,"u","modal","L",143,1.9635,-2.149,-4.8895,-3.5255,-22.0975,-8.208,4.113,2.7405,5.4895,24.061,10.1725,-4.069,33.1145,14.587,-0.804100347590766,23.507,37.331,42.5025,45.4045,0.6845,0.0255,129.206,284.384,937.263,0.251250265535113,-1.04017542797038,-0.167648718101486,1.07087096273103,-1.0205432749428,0.61831296086394,0.91146364641303,-0.346070925508845,-1.72398022160878,1.91574188724187,-1.09556755507204,1.19301537237104,-0.502690322151886,-0.502827226060442,-0.129473912526641,0.193316320872537,0.388124873890568,0.511508391579584,-0.978933953853024,0.91873138995708,0.160068493033993,0.489199860249476,0.567467835370382
"m3","blull",3,"u","modal","L",134,2.305,-1.236,-3.867,-6.3125,-18.8225,-12.8905,3.5405,2.631,8.617,21.1275,15.1955,-0.585,33.7615,16.6405,-0.849243560139691,21.872,36.5965,43.6315,48.637,0.7985,0.0415,127.8905,300.011,1021.1035,0.359011666516228,-0.764463446638239,0.00487723884375327,0.700301516956789,-0.431558187535745,-0.0534506443298914,0.78842952890221,-0.361532476486416,-1.30771164873741,2.00304549923909,-0.623428681143093,0.652173005524726,0.216139010832054,-0.669720453533929,-0.307676401661481,0.129802902547433,0.485219375709149,0.797068487533447,-0.599326996349903,1.36887279939182,-0.00307824025065373,0.672269491266815,0.780184911140846
"m3","bsuh",1,"u","breathy","F",196,7.038,-1.2255,0.6495,-1.461,-19.841,8.385,8.2635,-1.8745,8.499,26.879,-1.347,-11.366,40.4155,15.2755,-0.192464971931147,23.168,32.655,39.0505,41.632,0.541,0.058,170.1375,345.3345,954.194,1.85252472901583,-0.761292607860596,0.76694421639209,1.34537423535425,-0.614728053649971,2.99878781425022,1.80343413502204,-0.997715288627457,-2.59582631123059,2.90090984889831,-0.641242394052323,1.71256328093518,-2.15121799511794,1.75837210197063,-0.166422318530746,-0.211025059778497,0.0912513395435885,0.17824452089561,-0.851658867297924,0.352106019308964,1.12082147793247,0.79940352287732,0.746721136581779
"m3","bsuh",2,"u","breathy","F",218,2.529,-5.106,0.58,-5.7365,-22.107,-13.3745,7.634,-5.6855,8.2655,24.6355,15.903,13.743,20.3205,16.8065,-0.676747899828313,21.5335,32.5975,39.541,42.235,0.671,0.0355,162.2205,336.357,2032.9645,0.429695572284221,-1.93314402468357,0.755217513206081,0.776888528354695,-1.02225178130322,-0.122886540734337,1.668150332449,-1.53583374319843,0.40419883119972,0.189370307809946,-0.676492410698976,1.29893456096937,0.317387617856967,-0.032008694687872,-0.344570311491538,-0.215997178980258,0.133434557561315,0.231513736010901,-0.568640483106408,0.865425170418756,1.51962460373938,0.613285372724354,0.449825173712329
"m3","bsuh",3,"u","breathy","F",170,3.98,-2.8175,0.309,-4.494,-21.1695,-11.5935,6.7975,-3.126,8.4735,25.149,15.5735,13.849,19.819,15.253,-0.573488738635425,21.7045,31.5245,38.503,41.911,0.733,0.052,156.402,339.7,2246.451,0.887563194022427,-1.24205216348028,0.709491807257758,0.942095753462155,-0.853649179946238,0.132620342522516,1.48838083149215,-1.17442881418389,0.416863718893281,0.121699888309781,-0.645091967604741,1.39360732571305,0.270233672959853,0.34973761233468,-0.325932619967344,-0.308781246867033,0.0441660961904682,0.202891471172834,-0.855818183852012,1.11023891940958,0.649508692887933,0.757838981043624,0.667620493785332
"m3","bxhillu7",1,"u","checked","L",129,-1.2885,1.1315,1.9855,-4.553,-18.151,-17.573,-2.42,-0.8535,3.2645,16.8625,16.2845,12.312,22.4495,19.1395,-0.436518914605589,26.2765,38.1635,41.6975,43.6405,0.499,0.022,153.157,335.145,2339.8405,-0.774928580703786,-0.0495147984412569,0.992366884831053,0.934250903336328,-0.310793764270451,-0.725214249523723,-0.492522187120915,-0.853548680882256,0.233222847336652,0.476649117612241,-1.43146171797912,-0.134154826280126,0.371983156485949,0.856111321871648,0.172380395521639,0.265303959750206,0.318894516083697,0.355676060794553,-0.137365571075836,0.186264447411955,-0.0937153142976796,0.434301172883962,-1.31331916037015
"m3","bxhillu7",2,"u","checked","L",98,2.7935,-3.278,-1.1965,-3.583,-14.7085,-18.253,6.072,-2.0815,6.3765,17.5025,21.047,11.809,22.736,14.6755,-0.919012953089113,20.7485,35.439,37.4315,38.7575,0.6785,0.0395,134.473,264.617,2369.988,0.513159380657588,-1.38111609272831,0.455469481408313,1.06322555794738,0.308314987912388,-0.82276881472005,1.33246598039328,-1.02694397403711,0.17312437082853,0.515308290467271,-0.961662780915373,-0.0161595596083539,1.05353296702467,-0.927655999338862,-0.43012930474588,0.0297119812250266,-0.0479833800704788,-0.0756897392186602,-0.962573975406944,0.895039736828936,-0.65566517338924,0.653588076098504,1.0965429178863
"m3","bxhillu7",3,"u","checked","L",99,1.461,-5.2105,-5.1165,-6.564,-19.1065,-16.787,6.6715,-0.094,8.0255,20.568,18.2475,15.389,17.0665,17.4705,-1.12205304837081,30.5445,45.451,44.7785,45.003,0.882,0.035,134.529,287.4675,1956.55,0.0926848072832539,-1.96470142013725,-0.205950324191041,0.666861181250933,-0.482633535573487,-0.612452649164438,1.46130258030199,-0.746306233690797,0.600863030667652,-0.249711536763408,-0.712723691192325,0.549019330989013,0.652903319863905,-1.67828970249773,0.637559737189833,0.89546602379948,0.58386188552838,0.47603975166451,-0.445894430132426,1.69858163875849,-0.637537758579835,0.607939573110097,1.14812624660499
"m3","duh",1,"u","breathy","L",227,2.9015,-1.933,1.3425,-2.2595,-20.744,-13.4425,4.8345,-3.2755,5.1615,23.646,16.3445,12.072,25.5255,15.57,-0.75448733218585,19.5495,34.28,41.507,46.185,0.6345,0.0375,133.4615,265.211,2106.8375,0.547239120938585,-0.974946744544594,0.88387378916769,1.23920283153267,-0.777126079277016,-0.132641997253969,1.06651887048998,-1.19553842031309,0.20454762991727,0.89171234868404,-1.14508363841295,1.11650281663856,0.380569610791948,-0.319409259148039,-0.560811130111429,-0.0705086475548166,0.302511431410146,0.58045801412931,-0.797218035067747,0.721300947222545,1.68277133702403,0.63396037185368,0.748108951520382
"m3","duh",2,"u","breathy","L",267,-2.14,-2.6235,-5.1195,-12.3015,-29.4795,-23.418,0.4835,2.4965,10.1615,27.3395,21.278,24.3575,11.294,19.159,-1.11069829749369,22.5635,38.703,46.609,50.989,0.176,0.016,125.5915,305.984,2127.119,-1.04362208856739,-1.18346714225527,-0.206456512817775,-0.096017252595389,-2.34814263837453,-1.56375312242451,0.131459577407756,-0.380524061933751,1.6724200616082,-1.02862977517757,-0.390265294801524,1.79746456265761,1.08659081610277,-1.63631149771253,-0.232308192953994,0.311955408608468,0.741285699150091,1.00484492858016,-0.133760830062293,-1.08913621265314,2.40786792940023,0.317147890103191,-0.0145798679339948
"m3","duh",3,"u","breathy","L",151,0.6425,-3.926,-6.915,-10.4745,-25.2955,-21.7535,4.568,2.989,11.117,25.938,22.396,15.953,15.7925,15.086,-1.02227639471115,16.5505,33.1565,39.66,43.9705,0.261,0.039,130.85,313.0115,1743.432,-0.165595446605596,-1.57680214300567,-0.509410405918193,0.146907174182342,-1.59568046869174,-1.32495963158732,1.00924622015525,-0.310982382879382,0.668249791603201,-0.421620040139699,-0.246019509337381,1.53907336540685,1.2465850813379,-1.30941813099142,-0.887679182047444,-0.167659533175312,0.143668610454505,0.384828367574066,-0.886689555609023,-0.753504460004433,0.305087811509234,0.648773550491166,0.657870344068545
"m3","llume",1,"u","modal","M",139,1.063,6.1725,-4.923,-16.2935,-23.0355,-5.007,-5.1095,11.0955,17.3565,24.0985,6.071,-7.3115,35.7405,18.2745,-0.43297363384094,26.639,30.9995,36.335,38.1375,0.3625,0.0295,143.382,511.539,804.5485,-0.0329053467152338,1.47278979947257,-0.173301157766685,-0.626807789922538,-1.18923579768718,1.07753673026607,-1.07051390597742,0.833666594286605,-2.1113943569519,2.27008390440525,0.695918301655316,1.19992915752759,-1.08964602775285,0.869218128315049,0.211890121705969,-0.354178856970068,-0.14228286744344,-0.130460739834714,-0.297268185266339,-0.352720661253326,0.0875588337963722,0.543684409380722,-0.57953852397184
"m3","llume",2,"u","modal","M",120,-2.0235,4.9975,-11.002,-14.098,-23.3685,-15.1185,-7.021,16,12.075,21.3455,13.095,-3.041,26.678,17.7755,-0.59176003468815,29.4245,31.6355,37.623,40.376,0.411,0.0265,138.4825,534.515,1135.8515,-1.00686014650501,1.11795784102211,-1.19900804507242,-0.334886290748751,-1.24912344168917,-0.373085307943742,-1.4813081690725,1.52618875656509,-1.60115470699576,1.04722612430506,-0.101396314701432,0.692365143234799,-0.0844584436638181,0.282189128383562,0.515488307323765,-0.299182895016677,-0.0315142949524463,0.0672890744863136,-0.389512583510341,-0.161213131800827,-0.256862047582326,0.503555735792774,-1.18432301205131
"m3","llume",3,"u","modal","M",113,3.336,2.174,-6.81,-17.8865,-21.2715,-23.564,1.162,8.9835,21.2225,24.608,26.8995,9.6075,19.177,17.155,-0.84163750790475,18.7,28.0345,34.595,36.8665,0.627,0.0215,134.22,533.7295,2581.802,0.684346964939446,0.265304194481807,-0.491693803982496,-0.83861874331987,-0.871993142973878,-1.58469866142255,0.277273810999181,0.53544928228086,-0.0899110089580141,0.0350709564670973,1.27954384493567,1.29386445185457,1.89107003078906,-0.641601085545986,-0.65340012981788,-0.610567264504352,-0.291923640839658,-0.242741291097625,-0.504217291146419,0.691686380812365,-0.383753951248162,0.425782932685425,1.08783652469259
"m3","sukr",1,"u","modal","H",62,8.24,0.9895,6.4735,0.936,-11.543,-6.399,7.251,-5.484,7.3045,19.783,14.639,8.4475,25.3255,18.93,0.0149403497929365,28.234,36.7275,40.607,42.7465,0.4625,0.069,173.098,347.752,1245.3415,2.2318196162173,-0.0923966181008013,1.74962507042541,1.66408789216116,0.87760729148095,0.877836796805347,1.58584104510116,-1.50738166537212,-0.228507893151696,0.864725142502519,-0.821568496341092,0.404290761711919,0.136499647143907,2.52514392841509,0.385732916917021,0.141130687163619,0.225111031377619,0.276699811519146,-0.176093429657235,0.0421402242157441,-1.30825210652783,0.865660666921548,0.643809192072682
"m3","sukr",2,"u","modal","H",51,5.438,-4.348,0.303,-4.52,-13.803,-12.446,9.786,-4.65,9.958,19.241,17.885,5.22,25.627,20.266,-0.462810773756355,26.771,38.833,43.553,44.847,0.7705,0.064,171.16,348.042,1315.085,1.34763968781588,-1.70423966340234,0.70847943000429,0.938638700864333,0.471162620476385,0.010318479537414,2.1306296702364,-1.38961971546076,-0.6141298274061,0.905408355821162,-0.420986401386509,0.304363520249262,0.60102682509849,0.758911034559482,0.22627711165447,0.323196721586362,0.478468340817423,0.462258661186923,0.0708775443988487,1.25831175146048,-1.50765366943128,0.836939060541889,0.870376344401136
"m3","sukr",3,"u","modal","H",40,0,0,0,0,0,0,0,0,0,0,0,0,0,0,-0.656591406196143,0,0,0,0,0.9075,0.075,168.48,353.9455,1378.778,-0.368338345962451,-0.391210424812908,0.657354378704136,1.53963399863956,2.9535324407755,1.79585394782197,0.0275521611344264,-0.73303330408448,-1.23781580627767,-2.55259730824808,-1.92428261452302,-3.24305355167504,-1.95845209594825,0.0425093133775908,-2.69155703918883,-3.03475640818728,-3.2671090176455,-3.49953983014885,-3.67546509049681,1.79927116455311,-1.70705523233474,0.897533220148001,-0.395071567782886
"m3","yu7",2,"u","checked","L",106,2.051,-3.201,-1.261,-3.324,-15.624,-14.637,5.2525,-1.9405,5.375,17.6755,16.6875,4.03,27.8525,20.718,-0.537602002101044,41.432,50.262,51.3615,52.141,0.434,0.08,162.561,325.0545,1316.156,0.278861166225736,-1.3578632750256,0.444586425933527,1.09766312036415,0.143668927600583,-0.304008068028989,1.15634989427954,-1.00703457962764,-0.756311113777205,1.20570849260604,-1.11285289514074,0.015736035913859,0.429655507907913,0.482409900050637,1.82421392707091,1.31148107561987,1.15000281154407,1.10661298133773,0.154433592507644,-0.070395128142941,-0.510645854913999,0.922227196892651,-0.0245163725238274
"m3","yu7",3,"u","checked","L",145,-2.994,-0.319,-1.5625,-0.538,-20.8695,2.661,-2.675,1.243,-2.456,17.876,-5.655,-12.056,41.689,15.721,-0.416801226031377,28.006,39.6645,44.5785,45.708,0.1405,0.0355,149.6495,307.812,1059.5235,-1.31310447930786,-0.487543526724138,0.39371446894674,1.46809960257694,-0.799696347512003,2.17760791545054,-0.547323409767656,-0.557519990247766,-2.67826756131132,3.07275088425915,-2.29504938490495,0.0527017405508752,-2.76772541428872,0.929007079587184,0.360882661551429,0.395097888825741,0.566661796632263,0.538319679784378,-0.769304399526977,-1.22931182699466,0.196323322652803,0.613285372724354,-1.89733768276512
"m3","yu7u",1,"u","laryngealized","R",215,7.0595,5.4385,5.238,-3.6215,-18.5075,-18.9205,1.6215,0.2,10.6815,25.567,25.98,17.4035,18.0185,18.1205,-0.186419011431808,23.2235,35.7715,41.9845,44.8515,0.4925,0.041,145.244,337.1405,2231.1075,1.85930912175696,1.25113306968309,1.54115972098205,1.05810646083138,-0.374907713479799,-0.918530097467916,0.376023465141053,-0.704793028326361,0.841555636881594,-0.121252435339365,-0.311764187065936,1.47067298425805,1.75948261854961,1.78072385329578,-0.160373243211489,0.0584638009569492,0.343576643649625,0.462656192643007,-0.325736396347655,0.160598489856465,1.46524235931117,0.667682877649202,0.739448978445623
"m3","yu7u",1,"u","laryngealized","F",166,0.5365,-1.681,2.8015,-1.793,-18.111,-14.703,2.2175,-4.4825,2.3295,18.647,15.239,13.53,20.1695,17.792,-0.379863945026242,33.2975,44.165,47.1725,46.8185,0.2295,0.037,170.9915,339.5575,2236.873,-0.199044080585093,-0.898846613881177,1.13005019130276,1.30123033295129,-0.30360005327922,-0.313476599356868,0.504107891405592,-1.36596848451334,0.378749575740018,0.168994967142897,-1.57261274823446,0.194849163369524,0.222364190203904,1.06556320160356,0.937615671494551,0.784263496956617,0.789746949614901,0.636421609113617,-0.386462418037343,-0.87788563892719,0.576999033650312,0.628894099353854,-0.869154585055792
"m3","yu7u",2,"u","laryngealized","R",149,-0.016,1.3125,2.569,-3.057,-19.709,-19.514,-1.3285,-1.257,3.041,19.693,19.4975,14.8655,20.7525,17.444,-0.528708288941061,21.7815,34.766,41.0895,44.501,0.509,0.0235,150.666,336.5515,2263.14,-0.373387196374451,0.00514442239238782,1.09082057273085,1.13316439127255,-0.590988807378908,-1.00367514812089,-0.257951463517318,-0.910523437224262,0.538315212671624,0.247662673162032,-1.46520209793855,0.387697677336201,0.831787784572232,0.515289715413451,-0.317540209164052,-0.0284834313451494,0.266606245839502,0.431692909230222,-0.450793180740575,0.225750535958862,0.268832981890424,0.458787061394159,-0.697442166201327
"m3","yu7u",2,"u","laryngealized","F",140,0.159,-2.753,1.9895,-2.9265,-20.5235,-18.518,2.912,-4.7425,3.085,20.682,18.677,16.827,17.942,17.297,-0.517126416391246,30.0235,41.4765,45.621,46.965,0.248,0.027,171.5355,341.205,2169.4795,-0.318165394993206,-1.22257415384619,0.993041803000032,1.15051613604239,-0.737470747437853,-0.860786402627443,0.653360633084656,-1.40268084299889,0.772675375038785,-0.131575041703797,-1.45855969651477,0.570037237864923,0.714368021937686,0.558107582837715,0.580774723832492,0.551784497409931,0.656317260003273,0.64936346651725,-0.477967382227285,-0.804836375115412,0.105686248605777,0.510539065757924,-0.66914762985406
"m3","yu7u",3,"u","laryngealized","R",174,-1.625,-2.928,1.13,-5.923,-22.244,-20.5055,1.303,-4.058,4.298,20.619,18.8805,19.5045,17.1595,17.5205,-0.662540738709344,28.585,38.5075,44.074,47.062,0.519,0.0325,155.9595,330.569,2153.249,-0.881112215931151,-1.2754214668069,0.848018761440684,0.752090824143394,-1.04689024144819,-1.14591831193289,0.307575663521497,-1.30602849921673,1.09258326937377,-0.237162485889,-1.27544076635464,0.55842207880192,0.743490412792201,0.0205147930858632,0.423989231098262,0.295050203322481,0.523274572391808,0.657932477903954,-0.436651504456675,0.265236624505769,0.722018352125553,0.580045212140263,-0.894013542030994
"m3","yu7u",3,"u","laryngealized","F",177,-1.742,-2.252,1.941,-2.3575,-20.0685,-16.3625,0.51,-4.1925,0.6155,18.327,14.6205,17.5475,17.9435,16.9495,-0.607303046740334,32.9645,42.765,46.5285,48.1465,0.2215,0.0585,160.933,320.5555,2188.185,-0.918031934568897,-1.07127984645582,0.984858420201162,1.22617240251011,-0.655642284912598,-0.551552777214671,0.137154606427908,-1.32502008466406,0.858760767333223,-0.131372637657436,-1.83136447642446,0.135851530033639,0.133852157066224,0.22472703608703,0.901321219579015,0.663203203348523,0.734362663369404,0.753737558820262,-0.542205715673758,-0.909474509764715,0.776400596553769,0.802674127327721,-1.05935808706164
"m4","blull",1,"u","modal","L",86,-0.517,0.629,-6.708,-11.212,-19.6645,-13.401,-1.146,7.337,10.695,19.148,12.8845,-1.7845,34.625,18.921,-1.26360349772336,24.449,36.912,42.31,44.914,0.692,0.016,76.028,292.177,1053.4945,-0.237867397180691,0.533259288272816,0.296882584541508,0.780932378950702,0.128005504179156,0.351782704952332,-1.04307679625416,0.185298948725142,-1.3344174470585,1.61786410642147,-0.957507242288625,-0.306740271329678,-0.522856072624344,0.149419674691747,0.175757303158374,0.41374036026372,0.618349198979456,0.684811234792271,0.300620040156411,2.55305638029114,-0.963357545949412,0.499295343189872,-0.331834318556029
"m4","blull",3,"u","modal","L",121,-4.7095,-3.0815,-13.0655,-14.5965,-24.2535,-16.3655,-1.628,9.984,9.887,19.544,11.656,-4.924,35.251,17.952,-1.56863623584101,26.937,39.506,44.413,46.1545,0.0385,0.023,77.163,295.7,1161.0965,-0.970436443475951,-0.0675417426283159,-0.609035753222455,0.475572906060081,-0.387815762661507,0.0016511516663646,-1.15108881762065,0.590677967833822,-1.73695239223799,1.67876469815693,-1.03474327925407,-0.258145225904152,-0.670883228211038,-0.500590940772864,0.436209057240867,0.610053236525672,0.777207515609097,0.779754861436668,0.146699275621197,-0.521639719298377,-0.271574326658698,0.639988843402219,-0.655625226881808
"m4","bsuh",1,"u","breathy","F",142,3.916,1.774,-9.48,-11.479,-24.6085,-7.348,2.142,11.254,15.395,28.5245,11.264,-1.274,25.992,17.1855,-0.777283528852417,13.9335,25.519,32.1055,36.484,0.204,0.044,95.134,378.021,1385.028,0.536724989754762,0.718656722683756,-0.0981163352039428,0.75684285929882,-0.427719129348897,1.06669121972378,-0.306264501123399,0.785174134916566,-1.26896304683103,0.77800019515596,-0.508238215385694,0.843894686833054,-0.718116964466621,1.18574496957404,-0.925038685609498,-0.448477295577612,-0.152487554252679,0.0396078711386878,0.0249446151297196,0.257032361010827,0.143495604915731,0.89645859122384,-0.208965325506777
"m4","bsuh",2,"u","breathy","F",183,7.773,-0.8965,-17.2625,-17.4945,-29.9115,-14.8155,8.669,16.366,25.2675,37.6845,22.5885,-8.5475,29.5665,14.831,-1.06048074738138,15.1785,28.022,35.4015,40.2475,0.16,0.048,92.273,374.899,1379.0815,1.21067103902389,0.286251614741034,-1.2070914769496,0.21410688377111,-1.02379674496364,0.184718754160293,1.15637961393697,1.56805949407167,-2.20154400678103,1.12574646537704,0.435465713997112,1.96796189920127,0.646419888151625,0.582264833475085,-0.79470812538735,-0.259051262700332,0.0964886757098978,0.32765328740325,-0.349055839047949,0.0500138018953888,0.953870233227711,0.93120262680577,0.844496812372336
"m4","bsuh",3,"u","breathy","F",163,7.083,-0.751,-13.1065,-14.829,-26.0215,-15.621,7.8345,12.3555,21.912,33.105,22.7045,-2.46,25.722,16.398,-1.0268721464003,17.845,31.0495,38.3715,41.63,0.1875,0.0495,91.5365,383.725,1385.4935,1.09010511369444,0.309810852039542,-0.614878089337016,0.454596077149734,-0.586545769149694,0.0895826549287707,0.969375398521327,0.953865101878489,-1.42102753002354,0.751733166771657,0.114716305534817,1.40598965039775,0.660397218268073,0.653883203173455,-0.51557042351397,-0.0299312808641489,0.320839222733215,0.433465108310851,-0.100145789484812,0.179400401342537,0.55856553649016,0.943504942371703,0.678891585971186
"m4","duh",2,"u","breathy","L",188,-6.308,-10.5065,-15.615,-25.28,-33.947,-21.7095,4.1985,5.1085,18.9725,27.6395,15.4025,6.2885,13.891,17.084,-1.92081875395238,21.3525,31.9265,37.3955,40.663,0.0855,0.0055,78.4135,640.2685,1789.961,-1.24974750382252,-1.26979148105734,-0.972329312346202,-0.488323660235371,-1.47740248092692,-0.629518698480442,0.154579320329281,-0.155988223199185,-0.299327588025526,-0.399249102912374,-0.166268014588835,0.735292123192674,-0.219451613717306,-1.25107555028106,-0.148394166502576,0.0364397262606512,0.247113251724879,0.359454236110019,0.00882185186829145,-0.300506258425068,1.0526964074121,0.107043540900652,-0.462972147027013
"m4","llume",1,"u","modal","M",127,7.999,0.9155,3.5145,-12.372,-19.201,-11.6855,7.0835,-2.599,20.3705,27.2,19.684,7.512,34.9065,22.101,-0.94692155651658,39.76,50.6515,51.7025,51.765,0,0.044,92.0855,237.7825,1395.401,1.25016074789991,0.579649126664723,1.75354797310496,0.676273791699079,0.180104688572411,0.554397203067386,0.801082809213784,-1.33636555216788,-0.142454995119935,1.64524991564436,-0.0326343763738781,0.681358985656011,0.296444411227284,0.824254201571114,1.77856148593854,1.45354019195265,1.32784836157761,1.2091633397022,0.805747007361758,-0.702780958524385,-0.152982917637432,0.89645859122384,0.731804447686376
"m4","llume",2,"u","modal","M",107,5.8495,-1.577,0.7175,-15.4,-19.637,-2.4155,7.427,-2.2945,21.2495,25.4865,8.265,-5.8815,42.6325,19.9285,-1.17069622716898,30.677,41.6045,44.5265,43.972,0,0.0455,89.834,227.0225,1109.0935,0.874571680514902,0.17606562861296,1.35498665328965,0.403078789804322,0.131096610049306,1.64925957411172,0.878058181287207,-1.2897324160445,-1.85971946024543,2.39687606859668,0.0513884905724359,0.471087242381672,-1.07947914566686,0.347400758580841,0.827724153811819,0.7688668721601,0.785781181295005,0.612713777074397,0.460656335583891,-0.702780958524385,-0.548287614374984,0.909836704083844,0.656098578932774
"m4","llume",3,"u","modal","M",92,-6.2555,-1.8555,-6.609,-16.1425,-18.418,-19.6815,-4.4005,4.754,9.887,12.1625,13.426,6.2125,30.5515,18.0505,-1.65757731917779,27.7895,39.2725,44.216,44.6735,0.1965,0.009,81.9525,282.769,2657.738,-1.24057400950397,0.130971143474578,0.310989688818132,0.336088271671279,0.268116902984318,-0.38999540954,-1.77238203180862,-0.210278688735273,-0.309072023710712,1.22157247633459,-1.03474327925407,-1.16396423552162,-0.457608449710062,-0.690120263679612,0.525451468959246,0.59238205047819,0.762326351378931,0.666404187466211,0.162345504007904,0.22174510661615,-0.844766136928147,0.282801199023937,-0.806571749155782
"m4","sukr",1,"u","modal","H",114,0.3255,-6.7665,-16.374,-21.0765,-32.731,-25.5795,7.0915,9.6075,21.402,33.056,25.9045,0.376,16.493,17.364,-1.49485002168009,18.4195,32.26,38.4095,43.4775,0,0.0365,93.046,398.384,1370.849,-0.0906546550211786,-0.664213835033833,-1.08048377846698,-0.109071615828301,-1.34071939954138,-1.08659716406206,0.802875539858871,0.533018277356142,-1.05740621945529,-0.146112777519943,0.0659658366581165,1.39997662710015,1.04597873872181,-0.34335594109541,-0.455429936086159,0.0616788720715074,0.323709701112638,0.57486643860148,0.0532984401756801,-0.702780958524385,-0.409930970516841,0.822072145869494,0.125274745087798
"m4","sukr",2,"u","modal","H",126,0.7055,-13.584,-11.278,-20.995,-32.9,-21.359,14.2895,-2.306,21.701,33.6055,22.0645,2.19,29.9615,16.8835,-1.82390874094432,22.614,35.602,41.934,46.757,0,0.0455,95.926,336.131,1282.424,-0.0242560294774222,-1.76809768577321,-0.354324148227868,-0.101718447844674,-1.35971565016157,-0.588121798690687,2.41588493777591,-1.29149360180942,-0.82482192560098,1.16417415505037,0.0945469939015157,1.46740838836612,0.583280914177325,-1.04456480789723,-0.0163363337955563,0.314600087363506,0.589946570804113,0.825868150475967,-0.0230265622589641,-0.702780958524385,-0.17274815247431,0.909836704083844,0.632649022535414
"m4","sukr",3,"u","modal","H",108,-1.7275,-5.668,-14.847,-22.0905,-29.2,-23.625,3.94,9.1795,20.3625,27.4725,21.8975,6.5895,18.1995,14.381,-1.72124639904717,18.3505,33.712,38.813,43.3945,0,0.0225,89.605,334.966,1771.1335,-0.449381966182578,-0.486345641409013,-0.862892382200276,-0.200557656753427,-0.943821405814119,-0.855754822723745,0.0966517113599065,0.467471537583375,-0.26073449406183,0.0199045703978828,-0.0333990896111599,0.714798758076354,0.563158378578645,-0.825796119482331,-0.46265307556835,0.171565647835715,0.354189649167826,0.568513902518058,-0.420536070256253,-0.702780958524385,-0.528522379538106,0.63139913903398,0.0699440140910286
"m4","yu7",1,"u","checked","L",266,-5.793,-10.78,-7.4115,-16.486,-20.8905,-15.8845,4.9865,-3.3685,10.692,15.0965,10.091,1.4715,38.6385,14.169,-2.04575749056068,23.2695,32.7685,38.105,42.102,0.2195,0.0115,98.1185,235.4145,1139.878,-1.15975989288821,-1.31407637041227,0.196636646575807,0.305096698635992,-0.00980161570462092,0.0584611625048029,0.331163288870351,-1.45421185182944,-0.916945307703692,2.00831861908962,-0.957794009752606,-0.8039191262325,-0.859456690557945,-1.51731420249683,0.0522834912852619,0.10016194746827,0.300708104624894,0.469590373749106,-0.454211201403276,0.329959353426492,2.59438472468855,0.373842850257574,-0.205552592799788
"m4","yu7",2,"u","checked","L",243,-2.3405,-11.6145,-6.648,-14.992,-18.6155,-12.125,9.274,-4.9665,12.651,16.2745,9.7845,-1.6065,41.177,15.797,-1.93930215964639,22.879,33.5105,38.847,42.4155,0.064,0.0185,98.538,228.469,1339.34,-0.556493433178164,-1.44919790667072,0.305432344709159,0.43988974118248,0.245917142644149,0.502488679650559,1.29195486897167,-1.69894009985954,-1.31159495295372,2.25527732854722,-0.770534855773278,-0.659361137567678,-0.896388170563905,-1.29046283043068,0.0114047091432946,0.156316208912514,0.356757971928362,0.493584591365405,-0.195611609387457,-0.401663054356475,2.13978432344036,0.555272836512571,0.255051763764854
"m4","yu7",3,"u","checked","L",198,5.3165,-5.2435,-2.868,-14.506,-21.589,-1.8605,10.5595,-2.3755,19.8225,26.9055,7.177,-9.641,44.211,15.018,-1.13076828026902,13.3715,25.154,29.295,33.625,0,0.033,91.4535,251.5255,1088.6425,0.781438871528528,-0.417610959393778,0.844067235271138,0.483738080324108,-0.0883157048064301,1.71480958661761,1.58002427450409,-1.30213728969309,-2.34174848601459,2.55044089935454,-0.0850172331276668,0.645219488489806,-1.21057686262113,0.432485361298681,-0.983870633276042,-0.476100348713932,-0.364789645972892,-0.179210209132439,-0.319351831856943,-0.702780958524385,1.25034875578087,0.782096542213808,0.509457835396729
"m4","yu7u",1,"u","laryngealized","F",153,-3.071,-8.4895,-10.5695,-19.137,-26.089,-7.555,5.4185,2.08,16.066,23.018,4.4835,-13.8595,48.2225,16.1085,-1.69897000433602,17.963,30.226,36.2005,40.708,0.0905,0.03,90.4715,258.5965,1029.1565,-0.68413605412478,-0.943200542012043,-0.253365730248196,0.0659157375980132,-0.594133029012789,1.04224283668104,0.42797074370505,-0.619792665726814,-2.88262877467192,2.94070084144206,-0.444097892608701,0.168165854419778,-1.53512805804055,-0.77832615568145,-0.503217808167613,-0.0922534295155433,0.156844260582501,0.362898382179344,-0.146131404895487,-0.27698142216195,0.360913188121384,0.74440860749586,-0.194662945404868
"m4","yu7u",2,"u","laryngealized","F",161,-12.104,-4.24,-6.8975,-11.0765,-26.382,-11.5375,-7.864,2.6575,-1.0275,14.2785,-0.566,-7.13,41.632,18.365,-1.08354605145007,13.715,28.36,34.705,38.6285,0.139,0.0085,89.504,332.7375,1062.925,-2.26250127658992,-0.255125085654582,0.269879592012012,0.793157584616733,-0.627067357011114,0.57187720640229,-2.54852235546598,-0.531350511010055,-2.01979745962641,2.29954213563929,-2.0780511077928,-0.904299800874116,-2.14356364789404,0.53311374042819,-0.947911960636437,-0.233471558700124,0.0438758285712647,0.203740565486862,0.212302243374596,-0.0487905104097064,0.519035066816404,0.261873745863168,-2.59776540451868
"m4","yu7u",3,"u","laryngealized","F",100,-12.3405,-10.8405,-8.826,-15.7375,-22.0445,-23.715,-1.5005,-2.0145,3.397,9.704,11.3735,17.5695,15.8075,15.4655,-1.24795155218056,16.9855,29.431,33.5835,37.905,0.1685,0.011,117.3565,320.556,1979.7345,-2.30382568432965,-1.32387247939206,-0.00492394937655284,0.372628554289302,-0.139515658401096,-0.866384554481457,-1.12251717296458,-1.24685137133335,1.1470800299295,-0.212801844028979,-1.65511689299875,-1.46565847587176,-0.704922846813594,0.182773244601241,-0.605545617498657,-0.152418709634376,-0.0408410530740718,0.148366350350045,-0.248268713044241,0.0900060235426894,-0.686644258233126,0.357187644378282,-2.41876797114958
"m5","blull",1,"u","modal","L",108,1.8275,1.682,-3.807,-11.5985,-28.302,-13.1265,0.1455,5.489,13.4255,30.129,14.953,0.7665,31.515,17.3905,-0.661543506395395,25.548,37.3565,43.052,45.766,0.269,0.068,132.395,343.9875,1107.511,0.781602784309977,0.217911411000462,-0.125680426781338,-0.513766316766238,-1.53032489363009,0.0328715065373699,0.398284893051885,0.260808736292987,-1.0405032944818,1.7091423972178,0.954576957659412,2.19577722642283,0.366986558107415,-0.0949159903566811,0.134663740726833,0.231995400268642,0.421066272973076,0.478752449703124,-0.0608554433694913,-0.668983008541527,0.45816615826663,0.846804748991819,0.841293473782487
"m5","blull",2,"u","modal","L",114,0.239,1.0785,0.032,-3.5305,-19.694,-17.2905,-0.8395,1.0465,3.769,19.9335,17.5295,11.4995,23.895,13.835,-0.730487055782084,21.148,32.029,39.9005,43.649,0.532,0.067,129.1735,294.1675,2393.505,0.313572361239519,0.0836283891090636,0.488695105719351,0.680897312706614,-0.182805824259859,-0.548235880379319,0.163847050104308,-0.395768644438394,0.167580874150902,0.78493814923291,-0.551135603062072,0.394441552320277,0.758314044868798,-0.3131042949892,-0.323388108621625,-0.212097393037067,0.160993529498162,0.304741076237218,-0.677873399336998,0.597870461735396,0.665396725028171,0.840238579393124,0.510477131178465
"m5","blull",3,"u","modal","L",94,-1.226,0.9375,-6.087,-9.0665,-24.8415,-13.386,-2.163,7.024,7.8405,23.616,12.16,-1.331,31.2995,16.1445,-0.886056647693163,20.434,32.961,40.584,44.751,0.4025,0.0685,128.7985,303.801,1110.943,-0.118070427427918,0.052254891036674,-0.490560920165441,-0.138842133595035,-0.988609078161259,-0.00334303882883569,-0.151156488110026,0.487673402454533,-1.27659353427562,1.68300512485025,0.0837226469226555,1.04506375033731,-0.0572236769108433,-0.805441370950727,-0.397717431447716,-0.134407203762375,0.217398327265925,0.395322339137279,-0.277085051901488,-0.0259224067089445,-0.0253718308436328,0.850052233347953,0.388454875432692
"m5","bsuh",1,"u","breathy","F",124,0.235,-1.1425,-3.1535,-1.284,-19.094,-3.353,1.3775,2.011,1.519,19.3295,3.5885,-10.994,39.1715,15.4715,-0.458420756053419,19.98,33.9455,41.5905,44.934,0.4025,0.04,148.1635,299.7965,908.0065,0.312393814376263,-0.410559832300706,-0.0210973555416401,1.01354627696179,-0.0888802385695544,1.396813160243,0.691510702708144,-0.253220780912132,-2.36424072718513,2.63777360780787,-0.901972165131491,0.287727144281638,-1.35909192949194,0.547914396585469,-0.444980054085034,-0.0523406894480681,0.300458208689851,0.410364418185111,-0.393876806750632,-0.0259224067089445,1.01078100296407,0.612681565121391,-0.0321781379491427
"m5","bsuh",2,"u","breathy","F",125,-1.936,-5.0505,-5.7485,-5.443,-25.673,2.7185,3.1145,0.698,3.5075,23.737,-4.654,-13.94,41.989,14.656,-0.887730231582729,24.5035,38.22,46.1905,49.095,0.549,0.0335,150.927,310.303,1050.2515,-0.327262495655822,-1.28011749518651,-0.436388969722231,0.39770517198192,-1.11877428566374,2.24412187774172,1.10493053336798,-0.447275052358458,-2.69583636314822,2.97949873493351,-0.591910607942585,1.06644196784174,-2.61099055539169,-0.81073782630838,0.0259284778530913,0.303975527348788,0.680066211223439,0.752386772928443,-0.535397870761742,0.679758328635425,1.04531943075766,0.535044732766191,0.182593637667291
"m5","bsuh",3,"u","breathy","F",63,0.82,1.9415,6.2035,1.735,-16.6705,-9.996,-1.1215,-4.262,-0.915,17.4905,10.816,14.5725,20.775,14.67,-0.296708621881339,18.5955,32.0835,39.3415,43.5775,0.265,0.041,141.9855,286.5705,2299.6325,0.484756293127423,0.275651997878371,1.47635298507022,1.46058265492145,0.290500856297866,0.469748709885759,0.0967288047122096,-1.18033612347329,0.513471366111051,0.406523811475318,-1.28149936161014,-0.0371864258889863,-0.261354917821885,1.05969101248922,-0.589110232590248,-0.207554350853085,0.11486290484245,0.298863979778639,-0.532968324598461,-0.688250741929769,-1.09606309244493,0.623520032451254,-0.18166131391229
"m5","duh",1,"u","breathy","L",138,-3.8595,-2.271,-0.743,-6.7755,-25.9205,-18.988,-1.588,-1.5285,2.916,22.0605,15.1285,17.776,20.2525,16.8345,-0.976747540366289,31.688,43.138,48.939,50.9745,0.4515,0.072,130.235,278.349,2228.5605,-0.893996218523954,-0.661659070419087,0.364667745029579,0.200396137986807,-1.15751858976099,-0.785130642456907,-0.0143019097396125,-0.776339664220792,0.874050666792579,0.343151538565592,-0.684141641926612,0.770238813741112,0.393642088449594,-1.09245433001633,0.773854275954,0.713932985345498,0.906881992737259,0.906876322493474,-0.157343133854074,0.210107327297022,1.49431899207433,0.872150870142236,-0.206974443469444
"m5","duh",2,"u","breathy","L",84,-8.2905,0.001,-6.1875,-14.26,-27.864,-18.611,-8.292,6.1885,5.9695,19.573,10.32,3.751,29.8385,15.753,-1.04095860767891,26.698,38.1195,44.807,48.462,0.6785,0.094,127.7245,313.9275,1109.3725,-2.19953150629556,-0.156122988004411,-0.506644468229082,-0.907866124629649,-1.46175921607617,-0.732518374237024,-1.60990728955744,0.364191038560088,-0.704574178551088,1.50580533399645,-0.208017445358181,0.330748598515758,-0.336689066253341,-1.29566556645856,0.254381837715635,0.295597990844382,0.565894978287522,0.700355974910532,-0.34502557496752,1.30355119707977,-0.370756108779534,0.9906293562853,-1.3847144170246
"m5","duh",3,"u","breathy","L",84,-1.212,-0.992,-1.617,-4.17,-24.4295,-14.477,-0.2205,0.626,2.9575,23.2175,13.2645,14.0665,19.5495,15.9465,-0.84163750790475,24.0325,37.6435,44.659,47.855,0.418,0.0415,137.3105,331.286,2282.9955,-0.113945513406522,-0.377072516982304,0.22479688923234,0.586203783821154,-0.924113509320584,-0.155597639963828,0.311173978819587,-0.457916261455286,0.456517057965318,0.257887025923418,-0.677670656448443,0.974656976159499,0.110531498376542,-0.66486640940777,-0.0231038905658009,0.255919310485205,0.553681503423398,0.650462302877559,-0.311445776210745,0.0487400601704943,-0.370756108779534,0.628842871253066,0.30417512396476
"m5","llume",1,"u","modal","M",54,1.9095,1.4995,1.1065,1.0385,-15.6205,-16.4535,0.41,0.393,0.871,17.5295,18.363,9.016,23.3045,17.298,-0.377268034835281,19.81,33.759,39.324,42.264,0.464,0.039,141.5425,293.254,2313.8495,0.805762995006721,0.177303869169177,0.660653039991815,1.35744888968498,0.454870631255898,-0.431428271625892,0.461237999102275,-0.492352396449189,-0.111956723240257,0.713318384346417,-1.00301309500748,-0.0302959260321871,0.884908828573674,0.804741537288495,-0.46267751190077,-0.0678870631602243,0.113418743963246,0.190898018962641,-0.0769078019483115,0.270318994135279,-1.40690894258724,0.601575454445721,0.299677802960504
"m5","llume",3,"u","modal","M",54,1.437,-0.0515,1.114,-0.1865,-21.496,-8.4595,1.489,-1.165,1.6235,22.933,9.8965,3.367,29.8635,0,-0.528708288941061,0,0,0,0,0.3905,0.042,140.582,287.101,1127.236,0.66654714678463,-0.167804609627109,0.661853304772684,1.17605784529923,-0.464895666616405,0.684175102776607,0.718048590513885,-0.722616337738888,-0.747796420305952,1.50883750016438,-0.885677755915378,0.924391663101563,-0.401011670811247,0.325472735632658,-2.52495186089917,-2.88198910149104,-3.13173453682607,-3.2830824667072,-3.07878562569348,-0.0837256068736711,-1.40690894258724,0.634103453202491,0.461864122128713
"m5","sukr",1,"u","modal","H",63,-3.2465,-7.867,-4.0135,-9.661,-20.734,-16.574,4.62,-3.853,6.4145,17.4875,13.328,7.215,20.8305,15.167,-1.29242982390206,13.6085,27.777,36.069,40.171,0.1175,0.049,131.0165,262.129,2493.6215,-0.713383911730003,-1.90680868185946,-0.158727717081258,-0.226872317992856,-0.345610172789719,-0.448244659743918,1.46325152073608,-1.11988814402048,-0.314673539387419,0.413255220368121,-0.138629769748896,-0.0377164643395093,0.120176091976133,-2.09150620448353,-1.10827036274951,-0.566538041959801,-0.155195179568673,0.0188593771751394,-0.446719435801991,-1.3987484106212,-1.09606309244493,0.70193976253129,0.601920779423827
"m5","sukr",2,"u","modal","H",66,-3.7505,-6.0065,-7.0285,-6.795,-23.1965,-0.5305,2.256,1.022,3.0445,19.446,-3.22,-16.83,43.9885,14.205,-0.968591535748376,13.295,27.921,37.268,42.448,0.459,0.0465,133.3435,274.81,912.8255,-0.861880816500233,-1.49283426225889,-0.641234158990499,0.19750868870883,-0.731096430727009,1.79070739645154,0.900600697661897,-0.399389611422731,-3.02112875552207,3.22201138504451,-0.664104976048425,0.308310304110282,-2.39318981174107,-1.06664270824768,-1.14090655701559,-0.554534407565428,-0.0562495284735056,0.20602229516374,-0.613663965021718,0.246234327399976,-0.992447809064157,0.678869340059673,-0.19109143278447
"m5","sukr",3,"u","modal","H",74,0.083,-1.3025,-8.5225,-1.8645,-19.7685,7.5725,1.3855,7.219,1.9475,19.8515,-7.4895,-20.431,41.606,13.785,-0.627087997029893,10.937,24.958,33.423,38.8115,0.249,0.0485,148.3935,285.2185,1088.81,0.267609033572542,-0.446160964865119,-0.880326903339556,0.927589133071236,-0.194468251149738,2.92152227545873,0.69341476640721,0.516493343758442,-3.42644982989516,2.93304594924083,-0.835157290977382,0.379953834672647,-3.0416558333703,0.0141266864504434,-1.38638070718915,-0.801525856944089,-0.373552304504299,-0.0928876526911329,-0.686550349920144,-0.765321675482738,-0.716140386715436,0.697419376447877,0.258725054687423
"m5","yu7",1,"u","checked","L",99,6.1465,-0.79,-0.074,-1.7245,-14.6615,-16.292,6.936,-0.7155,7.8705,20.8075,22.4385,7.9595,22.232,16.1875,-0.339134521996131,26.269,39.9465,42.8195,42.4675,0.42,0.071,170.2025,333.4315,2318.566,2.05413875991043,-0.332126087119731,0.471731363483072,0.948319538143894,0.604995025717568,-0.408890124895094,2.01447796161587,-0.656182678169106,-0.230874167026751,0.583238455742245,0.0884004677502476,0.548859420905989,1.50390947763093,0.925424133268432,0.20972178240416,0.447894102222989,0.401879564149368,0.207625139652444,-0.269622874399982,0.0583739268646154,0.147320308124318,0.865946983792574,1.47215879676922
"m5","yu7",2,"u","checked","L",96,7.356,0.121,0.641,-0.8215,-13.241,-13.2475,7.235,-0.52,8.1775,20.5965,20.6025,10.8425,20.6435,15.7445,-0.333950261519484,28.398,40.2535,41.5885,41.9115,0.4735,0.061,170.1215,331.246,2303.665,2.4105018676874,-0.1294221385811,0.586156605925894,1.08203065086253,0.827363849839363,0.0159853408752855,2.08564234236848,-0.627288839579802,0.0936303198984392,0.390574617432009,0.136270167552608,0.511580049885868,1.22505162174352,0.941830961959954,0.431356415872994,0.473485183883215,0.300293161732227,0.161923522436079,-0.346500656566655,0.316079860932355,0.0437050247435476,0.798691403568798,1.81820399169532
"m5","yu7",3,"u","checked","L",119,0.789,2.0425,2.1785,2.0025,-16.4625,-15.272,-1.254,-0.1355,-1.2135,17.2505,16.0605,13.8375,18.363,15.0045,-0.274905478918531,24.2085,35.965,40.1205,41.81,0.281,0.05,150.594,300.845,2291.167,0.475622554937191,0.298125212809657,0.83221088600399,1.50019253604242,0.323061726003838,-0.266543935016365,0.0651927496964188,-0.570461827111324,0.430741294002131,0.113980419593487,-1.32804367884468,-0.0795895019308293,0.535197383486119,1.12869225830605,-0.00478181659186235,0.116001947075795,0.179148694836725,0.153580511379495,-0.474919525197215,-0.611179808376801,0.838088863996121,0.710846481883708,-0.234188498473265
"m5","yu7u",2,"u","laryngealized","F",139,-7.2195,-7.672,-6.791,-8.4285,-25.009,-18.6105,0.453,-0.881,1.209,17.7895,11.391,7.848,21.6485,14.6835,-1.20411998265592,20.865,33.046,37.9485,41.5185,0.1535,0.0365,158.1055,314.9065,1916.1575,-1.88397558365882,-1.86341980154658,-0.603225774262988,-0.0443707161924971,-1.01482997083314,-0.732448596692966,0.471472341484758,-0.680642679634732,-0.243424375244635,0.512467697382772,-0.950309647016611,0.01564073967981,-0.174021983652355,-1.81202865052426,-0.352849170750174,-0.127321725126807,-9.23011421783497e-05,0.12962004120221,-0.530625547941012,-1.22533881012702,1.52885741986792,0.572547665021874,-0.744428505371173
"m5","yu7u",3,"u","laryngealized","F",172,-1.27,-0.5605,1.0735,-0.7675,-14.9615,-10.3005,-0.7095,-1.6335,-0.502,13.6915,9.0305,5.1365,26.6615,14.2205,-0.544393887418133,20.9885,27.3395,32.5345,36.6615,0.202,0.0235,147.635,301.746,1313.0975,-0.131034442923731,-0.28106071259765,0.655371874955993,1.0900266642477,0.558032232872415,0.427254185554316,0.19478808521414,-0.791858094153666,-0.548625178677744,1.12047765737598,-1.21710136155029,-0.708391783734664,-0.532542663838749,0.275831918336421,-0.339992488160507,-0.603007417289928,-0.44687441542845,-0.269611532214845,-0.610974110340943,-0.991717542794584,2.6686255370564,0.381093081109935,-0.304499391476177
